Make,Model,Year,Rating
Acura,ILX,2019,4.4 
Acura,ILX,2018,4.3 
Acura,ILX,2017,4.4 
Acura,ILX,2016,4.4 
Acura,ILX,2015,3.4 
Acura,ILX,2014,3.5 
Acura,ILX,2013,3.5 
Acura,RLX,2019,4.0 
Acura,RLX,2018,4.0 
Acura,RLX,2017,4.0 
Acura,RLX,2016,4.0 
Acura,RLX,2015,3.9 
Acura,RLX,2014,3.9 
Acura,RLX Sport Hybrid,2019,4.0 
Acura,RLX Sport Hybrid,2018,4.0 
Acura,RLX Sport Hybrid,2017,4.0 
Acura,RLX Sport Hybrid,2016,4.0 
Acura,RLX Sport Hybrid,2014,3.9 
Acura,TLX,2020,4.3 
Acura,TLX,2019,4.3 
Acura,TLX,2018,4.4 
Acura,TLX,2017,4.3 
Acura,TLX,2016,4.4 
Acura,MDX,2020,4.6 
Acura,MDX,2019,4.6 
Acura,MDX,2018,4.7 
Acura,MDX,2017,4.7 
Acura,MDX,2016,4.8 
Acura,MDX,2015,4.2 
Acura,MDX,2014,4.3 
Acura,MDX,2013,3.8 
Acura,MDX,2012,3.9 
Acura,MDX Sport Hybrid,2019,4.6 
Acura,MDX Sport Hybrid,2018,4.7 
Acura,MDX Sport Hybrid,2017,4.7 
Acura,RDX,2019,4.6 
Acura,RDX,2018,4.5 
Acura,RDX,2017,4.5 
Acura,RDX,2016,4.6 
Acura,RDX,2015,3.8 
Acura,RDX,2014,3.8 
Acura,RDX,2013,3.9 
Acura,RDX,2012,3.5 
Acura,RDX,2011,3.2 
Alfa Romeo,Stelvio,2018,4.1 
Alfa Romeo,4C,2017,3.7 
Alfa Romeo,4C,2016,3.7 
Alfa Romeo,4C Spider,2019,3.6 
Alfa Romeo,4C Spider,2018,3.6 
Alfa Romeo,4C Spider,2016,3.7 
Audi,A3,2019,4.6 
Audi,A3,2018,4.6 
Audi,A3,2017,4.7 
Audi,A3,2016,4.7 
Audi,A3,2015,3.8 
Audi,A3,2013,3.7 
Audi,A3,2012,3.8 
Audi,A3,2011,4.0 
Audi,A4,2019,4.7 
Audi,A4,2018,4.7 
Audi,A4,2017,4.7 
Audi,A4,2016,4.5 
Audi,A4,2015,3.7 
Audi,A4,2014,3.7 
Audi,A4,2013,3.9 
Audi,A4,2012,3.8 
Audi,A5,2019,4.8 
Audi,A5,2018,4.8 
Audi,A5,2016,4.2 
Audi,A5,2015,4.1 
Audi,A5,2014,4.2 
Audi,A5,2013,4.2 
Audi,A5,2012,4.3 
Audi,A6,2018,4.6 
Audi,A6,2017,4.6 
Audi,A6,2015,3.7 
Audi,A6,2014,3.8 
Audi,A6,2013,3.8 
Audi,A6,2012,3.9 
Audi,A7,2018,4.6 
Audi,A7,2017,4.7 
Audi,A7,2016,4.7 
Audi,A7,2015,4.0 
Audi,A7,2014,4.0 
Audi,A7,2013,4.1 
Audi,A7,2012,4.1 
Audi,A8,2018,3.9 
Audi,A8,2017,3.9 
Audi,A8,2016,4.0 
Audi,A8,2015,4.0 
Audi,A8,2014,4.1 
Audi,RS 3,2019,4.6 
Audi,RS 3,2018,4.6 
Audi,RS 5,2019,4.8 
Audi,RS 5,2018,4.8 
Audi,RS 5,2015,4.1 
Audi,RS 5,2014,4.2 
Audi,RS 7,2018,4.6 
Audi,RS 7,2017,4.7 
Audi,RS 7,2016,4.7 
Audi,RS 7,2015,4.0 
Audi,RS 7,2014,4.0 
Audi,S3,2019,4.6 
Audi,S3,2018,4.6 
Audi,S3,2017,4.7 
Audi,S3,2016,4.7 
Audi,S3,2015,3.8 
Audi,S4,2019,4.7 
Audi,S4,2018,4.7 
Audi,S4,2016,4.5 
Audi,S4,2015,3.7 
Audi,S4,2014,3.7 
Audi,S4,2013,3.8 
Audi,S4,2012,3.8 
Audi,S5,2019,4.8 
Audi,S5,2018,4.8 
Audi,S5,2017,4.1 
Audi,S5,2016,4.2 
Audi,S5,2015,4.1 
Audi,S5,2014,4.2 
Audi,S5,2013,4.2 
Audi,S5,2012,4.3 
Audi,S6,2018,4.6 
Audi,S6,2017,4.6 
Audi,S6,2015,3.7 
Audi,S6,2014,3.8 
Audi,S6,2013,3.8 
Audi,S7,2018,4.6 
Audi,S7,2017,4.7 
Audi,S7,2016,4.7 
Audi,S7,2015,4.0 
Audi,S7,2014,4.0 
Audi,S7,2013,4.1 
Audi,S8,2018,3.9 
Audi,S8,2017,3.9 
Audi,S8,2016,4.0 
Audi,S8,2015,4.0 
Audi,S8,2014,4.1 
Audi,Q3,2018,4.5 
Audi,Q3,2017,4.5 
Audi,Q3,2016,4.6 
Audi,Q5,2019,4.7 
Audi,Q5,2018,4.8 
Audi,Q5,2017,4.4 
Audi,Q5,2016,4.5 
Audi,Q5,2015,3.8 
Audi,Q5,2014,3.8 
Audi,Q5,2013,3.9 
Audi,Q5,2012,3.9 
Audi,Q7,2019,4.7 
Audi,Q7,2018,4.7 
Audi,Q7,2017,4.8 
Audi,Q7,2015,4.0 
Audi,Q7,2014,4.0 
Audi,Q7,2013,4.0 
Audi,Q7,2012,4.1 
Audi,SQ5,2019,4.7 
Audi,SQ5,2018,4.8 
Audi,SQ5,2017,4.4 
Audi,SQ5,2016,4.5 
Audi,SQ5,2015,3.8 
Audi,SQ5,2014,3.8 
Audi,A3 Sportback e-tron,2018,4.6 
Audi,A3 Sportback e-tron,2017,4.7 
Audi,A3 Sportback e-tron,2016,4.7 
Audi,A4 allroad,2019,4.5 
Audi,A4 allroad,2018,4.5 
Audi,A4 allroad,2017,4.6 
Audi,R8,2012,4.5 
Audi,TT,2019,4.3 
Audi,TT,2018,4.3 
Audi,TT,2017,4.3 
Audi,TT,2015,3.7 
Audi,TT,2014,3.8 
Audi,TT,2013,3.8 
Audi,TT,2012,3.9 
Audi,TT,2011,4.1 
Audi,TT,2019,4.3 
Audi,TT,2018,4.3 
Audi,TT,2017,4.3 
Audi,TT,2015,3.7 
Audi,TT,2014,3.8 
Audi,TT,2013,3.8 
Audi,TT,2012,3.9 
Audi,TT,2011,4.1 
BMW,3 Series,2018,4.5 
BMW,3 Series,2017,4.6 
BMW,3 Series,2016,4.6 
BMW,3 Series,2015,4.1 
BMW,3 Series,2014,4.1 
BMW,3 Series,2013,4.2 
BMW,3 Series,2012,4.2 
BMW,3 Series,2011,3.6 
BMW,4 Series,2019,4.1 
BMW,4 Series,2018,4.1 
BMW,4 Series,2017,4.2 
BMW,4 Series,2016,4.2 
BMW,4 Series,2014,3.5 
BMW,5 Series,2019,4.6 
BMW,5 Series,2018,4.6 
BMW,5 Series,2017,4.7 
BMW,5 Series,2016,4.1 
BMW,5 Series,2015,4.1 
BMW,5 Series,2014,4.2 
BMW,5 Series,2013,4.2 
BMW,5 Series,2012,4.3 
BMW,5 Series,2011,3.7 
BMW,6 Series,2019,3.7 
BMW,6 Series,2018,4.4 
BMW,6 Series,2017,4.5 
BMW,6 Series,2016,3.8 
BMW,6 Series,2015,3.9 
BMW,6 Series,2014,3.9 
BMW,6 Series,2013,4.0 
BMW,6 Series,2012,4.0 
BMW,M3,2018,4.5 
BMW,M3,2017,4.6 
BMW,M3,2016,4.6 
BMW,M3,2015,4.1 
BMW,M3,2013,4.2 
BMW,M3,2012,4.2 
BMW,M5,2019,4.6 
BMW,M5,2018,4.6 
BMW,M5,2016,4.1 
BMW,M5,2015,4.1 
BMW,M5,2014,4.2 
BMW,M5,2013,4.2 
BMW,M6,2018,3.7 
BMW,M6,2017,4.5 
BMW,M6,2016,3.8 
BMW,M6,2015,3.9 
BMW,M6,2014,3.9 
BMW,M6,2013,4.0 
BMW,M6,2012,4.0 
BMW,X1,2019,4.5 
BMW,X1,2018,4.5 
BMW,X1,2017,4.6 
BMW,X1,2016,4.6 
BMW,X1,2015,3.7 
BMW,X1,2014,3.8 
BMW,X1,2013,3.8 
BMW,X3,2019,4.4 
BMW,X3,2018,4.4 
BMW,X3,2017,4.4 
BMW,X3,2016,4.4 
BMW,X3,2015,3.7 
BMW,X3,2014,3.8 
BMW,X3,2013,3.8 
BMW,X3,2012,3.9 
BMW,X3,2011,3.9 
BMW,X4,2018,3.6 
BMW,X4,2017,3.6 
BMW,X4,2016,3.7 
BMW,X5,2018,4.6 
BMW,X5,2017,4.6 
BMW,X5,2016,4.7 
BMW,X5,2013,3.8 
BMW,X5,2012,3.8 
BMW,X5,2011,2.8 
BMW,X5 M,2018,4.6 
BMW,X5 M,2017,4.6 
BMW,X5 M,2016,4.7 
BMW,X5 M,2013,3.8 
BMW,X5 M,2012,3.8 
BMW,X6,2019,4.0 
BMW,X6,2018,4.0 
BMW,X6,2017,4.1 
BMW,X6,2016,4.1 
BMW,X6,2014,3.6 
BMW,X6,2013,3.7 
BMW,X6,2012,3.7 
BMW,X6 M,2019,4.0 
BMW,X6 M,2018,4.0 
BMW,X6 M,2017,4.1 
BMW,X6 M,2016,4.1 
BMW,X6 M,2014,3.6 
BMW,X6 M,2013,3.7 
BMW,X6 M,2012,3.7 
BMW,2 Series,2019,4.5 
BMW,2 Series,2018,4.5 
BMW,2 Series,2017,4.5 
BMW,2 Series,2016,4.6 
BMW,6 Series,2019,3.7 
BMW,6 Series,2018,4.4 
BMW,6 Series,2017,4.5 
BMW,6 Series,2016,3.8 
BMW,6 Series,2015,3.9 
BMW,6 Series,2014,3.9 
BMW,6 Series,2013,4.0 
BMW,6 Series,2012,4.0 
BMW,i3,2019,4.5 
BMW,i3,2018,4.5 
BMW,i3,2017,4.5 
BMW,i3,2016,4.6 
BMW,M2,2019,4.5 
BMW,M2,2018,4.5 
BMW,M4,2019,4.1 
BMW,M4,2018,4.1 
BMW,M4,2017,4.2 
BMW,M4,2016,4.2 
BMW,M6,2018,3.7 
BMW,M6,2017,4.5 
BMW,M6,2016,3.8 
BMW,M6,2015,3.9 
BMW,M6,2014,3.9 
BMW,M6,2013,4.0 
BMW,M6,2012,4.0 
BMW,Z4,2016,3.6 
BMW,Z4,2015,3.6 
BMW,Z4,2014,3.7 
BMW,Z4,2013,3.7 
BMW,Z4,2012,3.8 
BMW,3 Series,2018,4.5 
BMW,3 Series,2017,4.6 
BMW,3 Series,2016,4.6 
BMW,3 Series,2015,4.1 
BMW,3 Series,2014,4.1 
BMW,3 Series,2013,4.2 
BMW,3 Series,2012,4.2 
BMW,3 Series,2011,3.6 
BMW,3 Series,2018,4.5 
BMW,3 Series,2017,4.6 
BMW,3 Series,2016,4.6 
BMW,3 Series,2015,4.1 
BMW,3 Series,2014,4.1 
BMW,3 Series,2013,4.2 
BMW,3 Series,2012,4.2 
BMW,3 Series,2011,3.6 
Buick,LaCrosse,2019,3.9 
Buick,LaCrosse,2018,3.9 
Buick,LaCrosse,2017,4.0 
Buick,LaCrosse,2016,3.6 
Buick,LaCrosse,2015,3.7 
Buick,LaCrosse,2014,3.7 
Buick,LaCrosse,2013,3.8 
Buick,LaCrosse,2012,3.6 
Buick,Enclave,2020,4.5 
Buick,Enclave,2019,4.5 
Buick,Enclave,2018,4.6 
Buick,Enclave,2017,4.3 
Buick,Enclave,2016,4.3 
Buick,Enclave,2015,3.6 
Buick,Enclave,2014,3.7 
Buick,Enclave,2013,3.7 
Buick,Enclave,2012,3.8 
Buick,Encore,2020,3.9 
Buick,Encore,2019,3.9 
Buick,Encore,2018,4.0 
Buick,Encore,2017,4.0 
Buick,Encore,2016,4.1 
Buick,Encore,2015,3.2 
Buick,Encore,2014,3.3 
Buick,Encore,2013,3.3 
Buick,Envision,2020,3.6 
Buick,Envision,2019,3.6 
Buick,Envision,2018,3.7 
Buick,Envision,2017,3.7 
Buick,Envision,2016,3.8 
Buick,Cascada,2019,4.0 
Buick,Cascada,2018,4.1 
Buick,Cascada,2017,4.1 
Buick,Cascada,2016,4.2 
Cadillac,ATS,2019,4.0 
Cadillac,ATS,2018,4.0 
Cadillac,ATS,2017,4.0 
Cadillac,ATS,2016,4.1 
Cadillac,ATS,2015,3.8 
Cadillac,ATS,2014,3.9 
Cadillac,ATS,2013,3.9 
Cadillac,CT6,2018,4.2 
Cadillac,CT6,2017,4.3 
Cadillac,CTS,2019,4.2 
Cadillac,CTS,2018,4.2 
Cadillac,CTS,2017,4.3 
Cadillac,CTS,2016,4.3 
Cadillac,CTS,2015,3.9 
Cadillac,CTS,2014,4.0 
Cadillac,CTS,2013,3.9 
Cadillac,CTS,2012,3.8 
Cadillac,CTS-V,2019,4.2 
Cadillac,CTS-V,2018,4.2 
Cadillac,CTS-V,2017,4.3 
Cadillac,CTS-V,2016,4.3 
Cadillac,XTS,2019,3.8 
Cadillac,XTS,2018,3.8 
Cadillac,XTS,2017,3.8 
Cadillac,XTS,2016,3.4 
Cadillac,XTS,2015,3.4 
Cadillac,XTS,2014,3.5 
Cadillac,XTS,2013,3.5 
Cadillac,Escalade,2014,3.2 
Cadillac,Escalade,2013,3.2 
Cadillac,Escalade,2012,3.6 
Cadillac,Escalade ESV,2014,3.2 
Cadillac,Escalade ESV,2013,3.2 
Cadillac,Escalade ESV,2012,3.6 
Cadillac,Escalade ESV,2011,3.3 
Cadillac,XT5,2019,4.0 
Cadillac,XT5,2018,4.0 
Cadillac,XT5,2017,4.1 
Cadillac,ATS,2019,4.0 
Cadillac,ATS,2018,4.0 
Cadillac,ATS,2017,4.0 
Cadillac,ATS,2016,4.1 
Cadillac,ATS,2015,3.8 
Cadillac,ATS,2014,3.9 
Cadillac,ATS,2013,3.9 
Cadillac,ATS-V,2019,4.0 
Cadillac,ATS-V,2018,4.0 
Cadillac,ATS-V,2017,4.0 
Cadillac,ATS-V,2016,4.1 
Cadillac,CT6,2018,4.2 
Cadillac,CT6,2017,4.3 
Chevrolet,Bolt EV,2019,4.7 
Chevrolet,Bolt EV,2018,4.7 
Chevrolet,Bolt EV,2017,4.8 
Chevrolet,Cruze,2019,4.2 
Chevrolet,Cruze,2018,4.3 
Chevrolet,Cruze,2017,4.3 
Chevrolet,Cruze,2016,4.4 
Chevrolet,Cruze,2015,4.0 
Chevrolet,Cruze,2014,3.4 
Chevrolet,Cruze,2013,3.4 
Chevrolet,Cruze,2012,3.5 
Chevrolet,Cruze,2011,3.3 
Chevrolet,Impala,2019,4.5 
Chevrolet,Impala,2018,4.5 
Chevrolet,Impala,2017,4.5 
Chevrolet,Impala,2016,4.6 
Chevrolet,Impala,2015,4.6 
Chevrolet,Impala,2014,3.9 
Chevrolet,Impala,2013,3.1 
Chevrolet,Impala,2012,3.2 
Chevrolet,Malibu,2019,4.0 
Chevrolet,Malibu,2018,4.1 
Chevrolet,Malibu,2017,4.1 
Chevrolet,Malibu,2016,4.2 
Chevrolet,Malibu,2015,3.8 
Chevrolet,Malibu,2014,3.5 
Chevrolet,Malibu,2013,3.6 
Chevrolet,Malibu,2012,3.6 
Chevrolet,Malibu,2011,3.8 
Chevrolet,Sonic,2019,4.3 
Chevrolet,Sonic,2018,4.3 
Chevrolet,Sonic,2017,4.4 
Chevrolet,Sonic,2016,4.4 
Chevrolet,Sonic,2015,4.5 
Chevrolet,Sonic,2014,3.8 
Chevrolet,Sonic,2013,3.9 
Chevrolet,Sonic,2012,3.9 
Chevrolet,Volt,2019,4.4 
Chevrolet,Volt,2018,4.4 
Chevrolet,Volt,2017,4.5 
Chevrolet,Volt,2016,4.5 
Chevrolet,Volt,2015,3.6 
Chevrolet,Volt,2014,3.2 
Chevrolet,Volt,2013,3.2 
Chevrolet,Volt,2012,3.3 
Chevrolet,Volt,2011,3.3 
Chevrolet,Blazer,2020,4.3 
Chevrolet,Blazer,2019,4.4 
Chevrolet,Equinox,2020,4.4 
Chevrolet,Equinox,2019,4.4 
Chevrolet,Equinox,2018,4.4 
Chevrolet,Equinox,2017,3.5 
Chevrolet,Equinox,2016,3.5 
Chevrolet,Equinox,2015,3.6 
Chevrolet,Equinox,2014,3.6 
Chevrolet,Equinox,2013,3.7 
Chevrolet,Equinox,2012,3.9 
Chevrolet,Suburban,2020,4.3 
Chevrolet,Suburban,2019,4.3 
Chevrolet,Suburban,2018,4.3 
Chevrolet,Suburban,2017,4.3 
Chevrolet,Suburban,2016,4.4 
Chevrolet,Suburban,2015,4.4 
Chevrolet,Tahoe,2020,4.5 
Chevrolet,Tahoe,2019,4.5 
Chevrolet,Tahoe,2018,4.6 
Chevrolet,Tahoe,2017,4.6 
Chevrolet,Tahoe,2016,4.7 
Chevrolet,Tahoe,2015,4.7 
Chevrolet,Tahoe,2014,3.7 
Chevrolet,Tahoe,2013,3.7 
Chevrolet,Tahoe,2012,3.8 
Chevrolet,Traverse,2020,4.4 
Chevrolet,Traverse,2019,4.4 
Chevrolet,Traverse,2018,4.5 
Chevrolet,Traverse,2017,3.8 
Chevrolet,Traverse,2016,3.9 
Chevrolet,Traverse,2015,3.9 
Chevrolet,Traverse,2014,4.0 
Chevrolet,Traverse,2013,4.0 
Chevrolet,Traverse,2012,4.1 
Chevrolet,Traverse,2011,3.4 
Chevrolet,Trax,2020,3.9 
Chevrolet,Trax,2019,3.9 
Chevrolet,Trax,2018,3.9 
Chevrolet,Trax,2017,4.0 
Chevrolet,Trax,2016,3.8 
Chevrolet,Trax,2015,3.9 
Chevrolet,Colorado Crew Cab,2020,4.1 
Chevrolet,Colorado Crew Cab,2018,4.2 
Chevrolet,Colorado Crew Cab,2017,4.2 
Chevrolet,Colorado Crew Cab,2016,4.3 
Chevrolet,Colorado Crew Cab,2015,4.3 
Chevrolet,Colorado Crew Cab,2012,3.0 
Chevrolet,Colorado Extended Cab,2018,4.2 
Chevrolet,Colorado Extended Cab,2017,4.2 
Chevrolet,Colorado Extended Cab,2016,4.3 
Chevrolet,Colorado Extended Cab,2015,4.3 
Chevrolet,Colorado Extended Cab,2012,3.0 
Chevrolet,Silverado 1500 Crew Cab,2020,4.3 
Chevrolet,Silverado 1500 Crew Cab,2019,4.4 
Chevrolet,Silverado 1500 Crew Cab,2018,4.2 
Chevrolet,Silverado 1500 Crew Cab,2017,4.2 
Chevrolet,Silverado 1500 Crew Cab,2016,4.3 
Chevrolet,Silverado 1500 Crew Cab,2015,4.3 
Chevrolet,Silverado 1500 Crew Cab,2014,3.9 
Chevrolet,Silverado 1500 Crew Cab,2013,3.7 
Chevrolet,Silverado 1500 Crew Cab,2012,3.7 
Chevrolet,Silverado 1500 Crew Cab,2011,3.3 
Chevrolet,Silverado 1500 Double Cab,2019,4.4 
Chevrolet,Silverado 1500 Double Cab,2018,4.2 
Chevrolet,Silverado 1500 Double Cab,2017,4.2 
Chevrolet,Silverado 1500 Double Cab,2016,4.3 
Chevrolet,Silverado 1500 Double Cab,2015,4.3 
Chevrolet,Silverado 1500 Double Cab,2014,3.9 
Chevrolet,Silverado 1500 Regular Cab,2019,4.4 
Chevrolet,Silverado 1500 Regular Cab,2018,4.2 
Chevrolet,Silverado 1500 Regular Cab,2017,4.2 
Chevrolet,Silverado 1500 Regular Cab,2016,4.3 
Chevrolet,Silverado 1500 Regular Cab,2015,4.3 
Chevrolet,Silverado 1500 Regular Cab,2014,3.9 
Chevrolet,Silverado 1500 Regular Cab,2013,3.7 
Chevrolet,Silverado 1500 Regular Cab,2012,3.7 
Chevrolet,Silverado 1500 Regular Cab,2011,3.3 
Chevrolet,Silverado 2500 HD Crew Cab,2020,4.3 
Chevrolet,Silverado 2500 HD Crew Cab,2019,4.1 
Chevrolet,Silverado 2500 HD Crew Cab,2018,4.2 
Chevrolet,Silverado 2500 HD Crew Cab,2017,4.2 
Chevrolet,Silverado 2500 HD Crew Cab,2016,4.3 
Chevrolet,Silverado 2500 HD Double Cab,2019,4.1 
Chevrolet,Silverado 2500 HD Double Cab,2018,4.2 
Chevrolet,Silverado 2500 HD Double Cab,2017,4.2 
Chevrolet,Silverado 2500 HD Double Cab,2016,4.3 
Chevrolet,Silverado 2500 HD Regular Cab,2019,4.1 
Chevrolet,Silverado 2500 HD Regular Cab,2018,4.2 
Chevrolet,Silverado 2500 HD Regular Cab,2017,4.2 
Chevrolet,Silverado 3500 HD Crew Cab,2020,4.3 
Chevrolet,Silverado 3500 HD Crew Cab,2019,4.1 
Chevrolet,Silverado 3500 HD Crew Cab,2018,4.2 
Chevrolet,Silverado 3500 HD Crew Cab,2017,4.2 
Chevrolet,Silverado 3500 HD Crew Cab,2016,4.3 
Chevrolet,Silverado 3500 HD Double Cab,2018,4.2 
Chevrolet,Silverado 3500 HD Double Cab,2017,4.2 
Chevrolet,Silverado 3500 HD Double Cab,2016,4.3 
Chevrolet,Silverado 3500 HD Regular Cab,2018,4.2 
Chevrolet,Silverado 3500 HD Regular Cab,2017,4.2 
Chevrolet,Malibu,2019,4.0 
Chevrolet,Malibu,2018,4.1 
Chevrolet,Malibu,2017,4.1 
Chevrolet,Malibu,2016,4.2 
Chevrolet,Malibu,2015,3.8 
Chevrolet,Malibu,2014,3.5 
Chevrolet,Malibu,2013,3.6 
Chevrolet,Malibu,2012,3.6 
Chevrolet,Malibu,2011,3.8 
Chevrolet,Camaro,2019,4.3 
Chevrolet,Camaro,2018,4.4 
Chevrolet,Camaro,2017,4.4 
Chevrolet,Camaro,2016,4.5 
Chevrolet,Camaro,2015,3.8 
Chevrolet,Camaro,2014,3.8 
Chevrolet,Camaro,2013,3.9 
Chevrolet,Camaro,2012,3.9 
Chevrolet,Corvette,2019,4.8 
Chevrolet,Corvette,2018,3.9 
Chevrolet,Corvette,2017,3.9 
Chevrolet,Corvette,2016,4.0 
Chevrolet,Corvette,2015,4.0 
Chevrolet,Corvette,2014,4.1 
Chevrolet,Corvette,2013,3.8 
Chevrolet,Corvette,2012,3.9 
Chevrolet,Corvette,2011,3.7 
Chevrolet,Spark,2019,3.8 
Chevrolet,Spark,2018,3.8 
Chevrolet,Spark,2017,3.8 
Chevrolet,Spark,2016,3.9 
Chevrolet,Spark,2015,3.9 
Chevrolet,Corvette,2019,4.8 
Chevrolet,Corvette,2018,3.9 
Chevrolet,Corvette,2017,3.9 
Chevrolet,Corvette,2016,4.0 
Chevrolet,Corvette,2015,4.0 
Chevrolet,Corvette,2014,4.1 
Chevrolet,Corvette,2013,3.8 
Chevrolet,Corvette,2012,3.9 
Chevrolet,Corvette,2011,3.7 
Chrysler,300,2019,4.0 
Chrysler,300,2018,4.0 
Chrysler,300,2017,4.1 
Chrysler,300,2016,4.1 
Chrysler,300,2015,4.2 
Chrysler,300,2014,4.3 
Chrysler,300,2013,4.3 
Chrysler,300,2012,4.4 
Chrysler,300,2011,3.5 
Chrysler,Pacifica,2020,4.5 
Chrysler,Pacifica,2019,4.5 
Chrysler,Pacifica,2018,4.6 
Chrysler,Pacifica,2017,4.6 
Chrysler,Pacifica Hybrid,2018,4.6 
Chrysler,Pacifica Hybrid,2017,4.6 
Dodge,Charger,2019,3.7 
Dodge,Charger,2018,3.7 
Dodge,Charger,2017,3.7 
Dodge,Charger,2016,3.8 
Dodge,Charger,2015,3.8 
Dodge,Charger,2014,3.5 
Dodge,Charger,2013,3.5 
Dodge,Charger,2012,3.6 
Dodge,Durango,2020,3.2 
Dodge,Durango,2019,3.2 
Dodge,Durango,2018,3.2 
Dodge,Durango,2017,3.2 
Dodge,Durango,2016,3.3 
Dodge,Durango,2015,3.3 
Dodge,Durango,2014,3.5 
Dodge,Durango,2013,3.5 
Dodge,Durango,2012,3.6 
Dodge,Durango,2011,2.8 
Dodge,Journey,2019,2.9 
Dodge,Journey,2018,2.9 
Dodge,Journey,2017,3.0 
Dodge,Journey,2016,3.0 
Dodge,Journey,2015,3.1 
Dodge,Journey,2014,3.2 
Dodge,Journey,2013,3.2 
Dodge,Journey,2012,3.0 
Dodge,Grand Caravan Passenger,2019,3.6 
Dodge,Grand Caravan Passenger,2018,3.7 
Dodge,Grand Caravan Passenger,2017,3.7 
Dodge,Grand Caravan Passenger,2016,3.8 
Dodge,Grand Caravan Passenger,2015,3.8 
Dodge,Grand Caravan Passenger,2014,3.4 
Dodge,Grand Caravan Passenger,2013,3.4 
Dodge,Grand Caravan Passenger,2012,3.5 
Dodge,Challenger,2019,4.0 
Dodge,Challenger,2018,4.1 
Dodge,Challenger,2017,4.1 
Dodge,Challenger,2016,4.2 
Dodge,Challenger,2014,3.4 
Dodge,Challenger,2013,3.5 
Dodge,Challenger,2012,3.5 
Dodge,Challenger,2011,2.8 
FIAT,500X,2019,3.8 
FIAT,500X,2018,3.8 
FIAT,500X,2017,3.8 
FIAT,500X,2016,3.9 
FIAT,500L,2017,3.0 
FIAT,500L,2016,3.1 
FIAT,500L,2015,3.1 
FIAT,500L,2014,3.2 
FIAT,500e,2019,3.5 
FIAT,500e,2018,3.5 
FIAT,500e,2017,3.3 
FIAT,500e,2016,3.7 
FIAT,500e,2015,3.8 
FIAT,500e,2014,3.5 
FIAT,500e,2013,3.5 
FIAT,500,2019,3.5 
FIAT,500,2018,3.5 
FIAT,500,2017,3.3 
FIAT,500,2016,3.7 
FIAT,500,2015,3.8 
FIAT,500,2014,3.5 
FIAT,500,2013,3.5 
FIAT,500,2012,3.6 
FIAT,500 Abarth,2019,3.5 
FIAT,500 Abarth,2018,3.5 
FIAT,500 Abarth,2017,3.3 
FIAT,500 Abarth,2015,3.8 
FIAT,500 Abarth,2014,3.5 
FIAT,124 Spider,2019,4.5 
FIAT,124 Spider,2018,4.5 
FIAT,124 Spider,2017,4.6 
FIAT,500c,2019,3.5 
FIAT,500c,2018,3.5 
FIAT,500c,2017,3.3 
FIAT,500c,2015,3.8 
FIAT,500c,2014,3.5 
FIAT,500c Abarth,2019,3.5 
FIAT,500c Abarth,2018,3.5 
FIAT,500c Abarth,2017,3.3 
Ford,Fiesta,2019,4.2 
Ford,Fiesta,2018,4.2 
Ford,Fiesta,2017,4.4 
Ford,Fiesta,2016,4.4 
Ford,Fiesta,2015,4.5 
Ford,Fiesta,2014,3.6 
Ford,Fiesta,2013,3.6 
Ford,Fiesta,2012,3.7 
Ford,Fiesta,2011,3.9 
Ford,Focus,2018,4.1 
Ford,Focus,2017,4.2 
Ford,Focus,2016,4.2 
Ford,Focus,2015,4.3 
Ford,Focus,2014,3.5 
Ford,Focus,2013,3.5 
Ford,Focus,2012,3.6 
Ford,Fusion,2020,4.1 
Ford,Fusion,2019,4.1 
Ford,Fusion,2018,4.1 
Ford,Fusion,2017,4.2 
Ford,Fusion,2016,4.2 
Ford,Fusion,2015,4.3 
Ford,Fusion,2014,3.9 
Ford,Fusion,2013,4.0 
Ford,Fusion,2012,3.4 
Ford,Fusion,2011,3.5 
Ford,Fusion Energi,2019,4.1 
Ford,Fusion Energi,2018,4.1 
Ford,Fusion Energi,2017,4.2 
Ford,Fusion Energi,2016,4.2 
Ford,Fusion Energi,2015,4.3 
Ford,Fusion Energi,2014,3.9 
Ford,Fusion Energi,2013,4.0 
Ford,Taurus,2019,3.1 
Ford,Taurus,2018,3.1 
Ford,Taurus,2017,3.1 
Ford,Taurus,2016,3.2 
Ford,Taurus,2015,3.2 
Ford,Taurus,2014,3.6 
Ford,Taurus,2013,3.7 
Ford,Taurus,2012,3.7 
Ford,Taurus,2011,3.8 
Ford,EcoSport,2019,3.9 
Ford,EcoSport,2018,3.9 
Ford,Edge,2019,3.8 
Ford,Edge,2018,3.8 
Ford,Edge,2017,3.9 
Ford,Edge,2016,3.9 
Ford,Edge,2015,4.0 
Ford,Edge,2014,3.8 
Ford,Edge,2013,3.9 
Ford,Edge,2012,3.9 
Ford,Edge,2011,3.4 
Ford,Escape,2019,4.1 
Ford,Escape,2018,4.1 
Ford,Escape,2017,4.1 
Ford,Escape,2016,3.9 
Ford,Escape,2015,4.0 
Ford,Escape,2014,3.9 
Ford,Escape,2013,3.9 
Ford,Escape,2012,3.0 
Ford,Expedition,2020,4.7 
Ford,Expedition,2019,4.7 
Ford,Expedition,2018,4.8 
Ford,Expedition,2017,3.9 
Ford,Expedition,2016,4.0 
Ford,Expedition,2015,4.0 
Ford,Expedition,2014,3.6 
Ford,Expedition,2013,3.7 
Ford,Expedition,2012,3.7 
Ford,Expedition MAX,2020,4.7 
Ford,Expedition MAX,2019,4.7 
Ford,Expedition MAX,2018,4.8 
Ford,Explorer,2019,3.8 
Ford,Explorer,2018,3.7 
Ford,Explorer,2017,3.8 
Ford,Explorer,2016,3.8 
Ford,Explorer,2015,3.9 
Ford,Explorer,2014,3.6 
Ford,Explorer,2013,3.7 
Ford,Explorer,2012,3.7 
Ford,Explorer,2011,3.7 
Ford,Flex,2019,3.7 
Ford,Flex,2018,3.8 
Ford,Flex,2017,3.8 
Ford,Flex,2016,3.9 
Ford,Flex,2015,3.9 
Ford,Flex,2014,3.8 
Ford,Flex,2013,3.9 
Ford,Flex,2012,3.9 
Ford,Flex,2011,3.9 
Ford,F150 Regular Cab,2019,4.4 
Ford,F150 Regular Cab,2018,4.5 
Ford,F150 Regular Cab,2017,4.5 
Ford,F150 Regular Cab,2016,4.6 
Ford,F150 Regular Cab,2015,4.6 
Ford,F150 Regular Cab,2014,4.0 
Ford,F150 Regular Cab,2013,4.1 
Ford,F150 Regular Cab,2012,4.1 
Ford,F150 Regular Cab,2011,3.6 
Ford,F150 Super Cab,2019,4.4 
Ford,F150 Super Cab,2018,4.5 
Ford,F150 Super Cab,2017,4.5 
Ford,F150 Super Cab,2016,4.6 
Ford,F150 Super Cab,2015,4.6 
Ford,F150 Super Cab,2014,4.0 
Ford,F150 Super Cab,2013,4.1 
Ford,F150 Super Cab,2012,4.1 
Ford,F150 Super Cab,2011,4.0 
Ford,F150 SuperCrew Cab,2020,4.4 
Ford,F150 SuperCrew Cab,2019,4.4 
Ford,F150 SuperCrew Cab,2018,4.5 
Ford,F150 SuperCrew Cab,2017,4.5 
Ford,F150 SuperCrew Cab,2016,4.6 
Ford,F150 SuperCrew Cab,2015,4.6 
Ford,F150 SuperCrew Cab,2014,4.0 
Ford,F150 SuperCrew Cab,2013,4.1 
Ford,F150 SuperCrew Cab,2012,4.1 
Ford,F150 SuperCrew Cab,2011,3.6 
Ford,F250 Super Duty Crew Cab,2019,4.4 
Ford,F250 Super Duty Crew Cab,2018,4.5 
Ford,F250 Super Duty Crew Cab,2017,4.6 
Ford,F250 Super Duty Crew Cab,2016,3.7 
Ford,F250 Super Duty Crew Cab,2015,3.7 
Ford,F250 Super Duty Crew Cab,2014,3.8 
Ford,F250 Super Duty Crew Cab,2013,3.8 
Ford,F250 Super Duty Crew Cab,2012,3.9 
Ford,F250 Super Duty Crew Cab,2011,3.9 
Ford,F250 Super Duty Regular Cab,2019,4.4 
Ford,F250 Super Duty Regular Cab,2018,4.5 
Ford,F250 Super Duty Regular Cab,2017,4.6 
Ford,F250 Super Duty Regular Cab,2016,3.7 
Ford,F250 Super Duty Regular Cab,2015,3.7 
Ford,F250 Super Duty Regular Cab,2014,3.8 
Ford,F250 Super Duty Regular Cab,2013,3.8 
Ford,F250 Super Duty Regular Cab,2012,3.9 
Ford,F250 Super Duty Regular Cab,2011,3.9 
Ford,F250 Super Duty Super Cab,2019,4.4 
Ford,F250 Super Duty Super Cab,2018,4.5 
Ford,F250 Super Duty Super Cab,2017,4.6 
Ford,F250 Super Duty Super Cab,2016,3.7 
Ford,F250 Super Duty Super Cab,2015,3.7 
Ford,F250 Super Duty Super Cab,2014,3.8 
Ford,F250 Super Duty Super Cab,2013,3.8 
Ford,F250 Super Duty Super Cab,2012,3.9 
Ford,F250 Super Duty Super Cab,2011,3.9 
Ford,F350 Super Duty Crew Cab,2019,4.4 
Ford,F350 Super Duty Crew Cab,2018,4.5 
Ford,F350 Super Duty Crew Cab,2017,4.6 
Ford,F350 Super Duty Crew Cab,2016,3.7 
Ford,F350 Super Duty Crew Cab,2015,3.7 
Ford,F350 Super Duty Crew Cab,2014,3.8 
Ford,F350 Super Duty Crew Cab,2013,3.8 
Ford,F350 Super Duty Crew Cab,2012,3.9 
Ford,F350 Super Duty Regular Cab,2018,4.5 
Ford,F350 Super Duty Regular Cab,2017,4.6 
Ford,F350 Super Duty Regular Cab,2016,3.7 
Ford,F350 Super Duty Regular Cab,2015,3.7 
Ford,F350 Super Duty Regular Cab,2014,3.8 
Ford,F350 Super Duty Regular Cab,2013,3.8 
Ford,F350 Super Duty Regular Cab,2012,3.9 
Ford,F350 Super Duty Super Cab,2019,4.4 
Ford,F350 Super Duty Super Cab,2018,4.5 
Ford,F350 Super Duty Super Cab,2017,4.6 
Ford,F350 Super Duty Super Cab,2016,3.7 
Ford,F350 Super Duty Super Cab,2015,3.7 
Ford,F350 Super Duty Super Cab,2014,3.8 
Ford,F350 Super Duty Super Cab,2013,3.8 
Ford,F350 Super Duty Super Cab,2012,3.9 
Ford,F450 Super Duty Crew Cab,2019,4.4 
Ford,F450 Super Duty Crew Cab,2018,4.5 
Ford,F450 Super Duty Crew Cab,2017,4.6 
Ford,F450 Super Duty Crew Cab,2016,3.7 
Ford,F450 Super Duty Crew Cab,2015,3.7 
Ford,F450 Super Duty Crew Cab,2014,3.8 
Ford,F450 Super Duty Crew Cab,2013,3.8 
Ford,F450 Super Duty Crew Cab,2012,3.9 
Ford,C-MAX Hybrid,2018,3.9 
Ford,C-MAX Hybrid,2017,3.9 
Ford,C-MAX Hybrid,2016,4.0 
Ford,Escape,2019,4.1 
Ford,Escape,2018,4.1 
Ford,Escape,2017,4.1 
Ford,Escape,2016,3.9 
Ford,Escape,2015,4.0 
Ford,Escape,2014,3.9 
Ford,Escape,2013,3.9 
Ford,Escape,2012,3.0 
Ford,Mustang,2019,4.6 
Ford,Mustang,2018,4.6 
Ford,Mustang,2017,4.7 
Ford,Mustang,2016,4.7 
Ford,Mustang,2014,3.9 
Ford,Mustang,2013,3.9 
Ford,Mustang,2012,4.0 
Ford,Mustang,2011,3.7 
Ford,Fiesta,2019,4.2 
Ford,Fiesta,2018,4.2 
Ford,Fiesta,2017,4.4 
Ford,Fiesta,2016,4.4 
Ford,Fiesta,2015,4.5 
Ford,Fiesta,2014,3.6 
Ford,Fiesta,2013,3.6 
Ford,Fiesta,2012,3.7 
Ford,Fiesta,2011,3.9 
Genesis,G80,2019,4.4 
Genesis,G80,2018,4.3 
Genesis,G80,2017,4.4 
GMC,Acadia,2020,4.1 
GMC,Acadia,2019,4.1 
GMC,Acadia,2018,4.2 
GMC,Acadia,2017,4.2 
GMC,Acadia,2016,3.6 
GMC,Acadia,2015,3.6 
GMC,Acadia,2014,4.1 
GMC,Acadia,2013,4.1 
GMC,Acadia,2012,4.2 
GMC,Acadia,2011,3.5 
GMC,Terrain,2017,3.4 
GMC,Terrain,2016,3.4 
GMC,Terrain,2015,3.4 
GMC,Terrain,2014,3.7 
GMC,Terrain,2013,3.7 
GMC,Terrain,2012,3.6 
GMC,Yukon,2020,4.3 
GMC,Yukon,2019,4.3 
GMC,Yukon,2018,4.4 
GMC,Yukon,2017,4.4 
GMC,Yukon,2016,4.5 
GMC,Yukon,2015,4.5 
GMC,Yukon,2014,3.7 
GMC,Yukon,2013,3.7 
GMC,Yukon,2012,3.8 
GMC,Yukon XL,2020,4.3 
GMC,Yukon XL,2019,4.3 
GMC,Yukon XL,2018,4.4 
GMC,Yukon XL,2017,4.4 
GMC,Yukon XL,2016,4.5 
GMC,Yukon XL,2015,4.5 
GMC,Canyon Crew Cab,2019,4.2 
GMC,Canyon Crew Cab,2018,4.2 
GMC,Canyon Crew Cab,2017,4.3 
GMC,Canyon Crew Cab,2016,4.3 
GMC,Canyon Crew Cab,2015,4.4 
GMC,Canyon Crew Cab,2012,3.0 
GMC,Canyon Extended Cab,2019,4.2 
GMC,Canyon Extended Cab,2018,4.2 
GMC,Canyon Extended Cab,2017,4.3 
GMC,Canyon Extended Cab,2016,4.3 
GMC,Canyon Extended Cab,2015,4.4 
GMC,Canyon Extended Cab,2012,3.0 
GMC,Sierra 1500 Crew Cab,2019,4.3 
GMC,Sierra 1500 Crew Cab,2018,4.0 
GMC,Sierra 1500 Crew Cab,2017,4.1 
GMC,Sierra 1500 Crew Cab,2016,4.1 
GMC,Sierra 1500 Crew Cab,2015,4.2 
GMC,Sierra 1500 Crew Cab,2014,3.9 
GMC,Sierra 1500 Crew Cab,2013,3.7 
GMC,Sierra 1500 Crew Cab,2012,3.7 
GMC,Sierra 1500 Double Cab,2019,4.3 
GMC,Sierra 1500 Double Cab,2018,4.0 
GMC,Sierra 1500 Double Cab,2017,4.1 
GMC,Sierra 1500 Double Cab,2016,4.1 
GMC,Sierra 1500 Double Cab,2015,4.2 
GMC,Sierra 1500 Double Cab,2014,3.9 
GMC,Sierra 1500 Regular Cab,2019,4.3 
GMC,Sierra 1500 Regular Cab,2018,4.0 
GMC,Sierra 1500 Regular Cab,2017,4.1 
GMC,Sierra 1500 Regular Cab,2016,4.1 
GMC,Sierra 1500 Regular Cab,2015,4.2 
GMC,Sierra 1500 Regular Cab,2014,3.9 
GMC,Sierra 1500 Regular Cab,2013,3.7 
GMC,Sierra 1500 Regular Cab,2012,3.7 
GMC,Sierra 2500 HD Crew Cab,2020,4.2 
GMC,Sierra 2500 HD Crew Cab,2019,4.0 
GMC,Sierra 2500 HD Crew Cab,2018,4.0 
GMC,Sierra 2500 HD Crew Cab,2017,4.1 
GMC,Sierra 2500 HD Crew Cab,2016,4.1 
GMC,Sierra 2500 HD Crew Cab,2014,3.6 
GMC,Sierra 2500 HD Crew Cab,2013,3.7 
GMC,Sierra 2500 HD Crew Cab,2012,3.7 
GMC,Sierra 2500 HD Double Cab,2019,4.0 
GMC,Sierra 2500 HD Double Cab,2018,4.0 
GMC,Sierra 2500 HD Double Cab,2017,4.1 
GMC,Sierra 2500 HD Double Cab,2016,4.1 
GMC,Sierra 2500 HD Regular Cab,2018,4.0 
GMC,Sierra 2500 HD Regular Cab,2017,4.1 
GMC,Sierra 2500 HD Regular Cab,2014,3.6 
GMC,Sierra 2500 HD Regular Cab,2013,3.7 
GMC,Sierra 2500 HD Regular Cab,2012,3.7 
GMC,Sierra 3500 HD Crew Cab,2020,4.2 
GMC,Sierra 3500 HD Crew Cab,2019,4.0 
GMC,Sierra 3500 HD Crew Cab,2018,4.0 
GMC,Sierra 3500 HD Crew Cab,2017,4.1 
GMC,Sierra 3500 HD Crew Cab,2016,4.1 
GMC,Sierra 3500 HD Crew Cab,2014,3.6 
GMC,Sierra 3500 HD Crew Cab,2013,3.7 
GMC,Sierra 3500 HD Crew Cab,2012,3.7 
GMC,Sierra 3500 HD Double Cab,2017,4.1 
GMC,Sierra 3500 HD Double Cab,2016,4.1 
GMC,Sierra 3500 HD Regular Cab,2017,4.1 
GMC,Sierra 3500 HD Regular Cab,2016,4.1 
GMC,Sierra 3500 HD Regular Cab,2014,3.6 
GMC,Sierra 3500 HD Regular Cab,2013,3.7 
GMC,Sierra 3500 HD Regular Cab,2012,3.7 
Honda,Accord,2020,4.8 
Honda,Accord,2019,4.7 
Honda,Accord,2018,4.8 
Honda,Accord,2017,4.6 
Honda,Accord,2016,4.7 
Honda,Accord,2015,4.7 
Honda,Accord,2014,4.1 
Honda,Accord,2013,4.1 
Honda,Accord,2012,4.0 
Honda,Accord,2011,3.9 
Honda,Accord Hybrid,2020,4.8 
Honda,Accord Hybrid,2019,4.8 
Honda,Accord Hybrid,2018,4.8 
Honda,Accord Hybrid,2017,4.6 
Honda,Accord Hybrid,2015,4.7 
Honda,Accord Hybrid,2014,4.1 
Honda,Civic,2020,4.6 
Honda,Civic,2019,4.6 
Honda,Civic,2018,4.7 
Honda,Civic,2017,4.7 
Honda,Civic,2016,4.8 
Honda,Civic,2015,4.6 
Honda,Civic,2013,4.0 
Honda,Civic,2012,3.8 
Honda,Civic Type R,2019,4.7 
Honda,Civic Type R,2018,4.7 
Honda,Civic Type R,2017,4.7 
Honda,Clarity Electric,2019,4.7 
Honda,Clarity Electric,2018,4.7 
Honda,Clarity Fuel Cell,2019,4.7 
Honda,Clarity Fuel Cell,2018,4.7 
Honda,Clarity Plug-in Hybrid,2019,4.7 
Honda,Clarity Plug-in Hybrid,2018,4.7 
Honda,Fit,2019,4.6 
Honda,Fit,2018,4.6 
Honda,Fit,2017,4.7 
Honda,Fit,2016,4.7 
Honda,Fit,2015,4.8 
Honda,Fit,2013,3.6 
Honda,Fit,2012,4.0 
Honda,Fit,2011,4.2 
Honda,Insight,2019,4.4 
Honda,Insight,2014,3.2 
Honda,Insight,2013,3.2 
Honda,Insight,2012,3.3 
Honda,Insight,2011,2.9 
Honda,CR-V,2019,4.8 
Honda,CR-V,2018,4.8 
Honda,CR-V,2017,4.9 
Honda,CR-V,2016,4.8 
Honda,CR-V,2015,4.9 
Honda,CR-V,2014,3.8 
Honda,CR-V,2013,3.7 
Honda,CR-V,2012,3.8 
Honda,CR-V,2011,3.9 
Honda,HR-V,2019,4.6 
Honda,HR-V,2018,4.6 
Honda,HR-V,2017,4.7 
Honda,HR-V,2016,4.7 
Honda,Passport,2019,4.6 
Honda,Pilot,2020,4.7 
Honda,Pilot,2019,4.7 
Honda,Pilot,2018,4.7 
Honda,Pilot,2017,4.7 
Honda,Pilot,2016,4.8 
Honda,Pilot,2015,4.1 
Honda,Pilot,2014,3.9 
Honda,Pilot,2013,3.9 
Honda,Pilot,2012,4.0 
Honda,Pilot,2011,3.7 
Honda,Ridgeline,2019,4.3 
Honda,Ridgeline,2018,4.3 
Honda,Ridgeline,2017,4.4 
Honda,Ridgeline,2014,3.8 
Honda,Ridgeline,2013,3.8 
Honda,Ridgeline,2012,3.9 
Honda,Ridgeline,2011,3.3 
Honda,Odyssey,2020,4.6 
Honda,Odyssey,2019,4.6 
Honda,Odyssey,2018,4.7 
Honda,Odyssey,2017,4.6 
Honda,Odyssey,2016,4.6 
Honda,Odyssey,2015,4.7 
Honda,Odyssey,2014,4.5 
Honda,Odyssey,2013,4.6 
Honda,Odyssey,2012,4.6 
Honda,Odyssey,2011,4.1 
Hyundai,Accent,2020,4.3 
Hyundai,Accent,2019,4.3 
Hyundai,Accent,2018,4.4 
Hyundai,Accent,2017,4.4 
Hyundai,Accent,2016,4.5 
Hyundai,Accent,2015,4.5 
Hyundai,Accent,2014,3.3 
Hyundai,Accent,2013,3.4 
Hyundai,Accent,2012,3.4 
Hyundai,Elantra,2020,4.5 
Hyundai,Elantra,2019,4.5 
Hyundai,Elantra,2018,4.5 
Hyundai,Elantra,2017,4.5 
Hyundai,Elantra,2016,4.2 
Hyundai,Elantra,2015,4.3 
Hyundai,Elantra,2014,3.4 
Hyundai,Elantra,2012,3.5 
Hyundai,Elantra,2011,3.7 
Hyundai,Ioniq Electric,2019,4.4 
Hyundai,Ioniq Electric,2018,4.4 
Hyundai,Ioniq Electric,2017,4.5 
Hyundai,Ioniq Hybrid,2019,4.4 
Hyundai,Ioniq Hybrid,2018,4.4 
Hyundai,Ioniq Hybrid,2017,4.5 
Hyundai,Ioniq Plug-in Hybrid,2019,4.4 
Hyundai,Ioniq Plug-in Hybrid,2018,4.4 
Hyundai,Sonata,2019,4.4 
Hyundai,Sonata,2018,4.4 
Hyundai,Sonata,2017,4.5 
Hyundai,Sonata,2016,4.5 
Hyundai,Sonata,2015,4.6 
Hyundai,Sonata,2014,3.8 
Hyundai,Sonata,2013,3.8 
Hyundai,Sonata,2012,3.9 
Hyundai,Sonata,2011,4.0 
Hyundai,Sonata Hybrid,2019,4.4 
Hyundai,Sonata Hybrid,2018,4.4 
Hyundai,Sonata Hybrid,2017,4.5 
Hyundai,Sonata Hybrid,2016,4.5 
Hyundai,Sonata Plug-in Hybrid,2019,4.4 
Hyundai,Sonata Plug-in Hybrid,2018,4.4 
Hyundai,Sonata Plug-in Hybrid,2017,4.5 
Hyundai,Sonata Plug-in Hybrid,2016,4.5 
Hyundai,Kona,2020,4.5 
Hyundai,Kona,2019,4.5 
Hyundai,Kona,2018,4.5 
Hyundai,Santa Fe,2020,4.6 
Hyundai,Santa Fe,2019,4.7 
Hyundai,Santa Fe,2018,4.0 
Hyundai,Santa Fe,2017,4.1 
Hyundai,Santa Fe,2016,4.1 
Hyundai,Santa Fe,2015,4.2 
Hyundai,Santa Fe,2014,3.7 
Hyundai,Santa Fe,2013,3.7 
Hyundai,Santa Fe,2012,3.1 
Hyundai,Santa Fe,2011,3.4 
Hyundai,Santa Fe Sport,2018,3.9 
Hyundai,Santa Fe Sport,2017,3.9 
Hyundai,Santa Fe Sport,2016,4.0 
Hyundai,Santa Fe Sport,2015,4.0 
Hyundai,Santa Fe Sport,2014,3.8 
Hyundai,Santa Fe Sport,2013,3.8 
Hyundai,Tucson,2020,4.2 
Hyundai,Tucson,2019,4.2 
Hyundai,Tucson,2018,4.3 
Hyundai,Tucson,2017,4.3 
Hyundai,Tucson,2016,4.4 
Hyundai,Tucson,2015,4.1 
Hyundai,Tucson,2014,3.5 
Hyundai,Tucson,2013,3.6 
Hyundai,Tucson,2012,3.4 
Hyundai,Veloster,2020,4.4 
Hyundai,Veloster,2019,4.4 
Hyundai,Veloster,2017,3.4 
Hyundai,Veloster,2016,3.4 
Hyundai,Veloster,2015,3.5 
Hyundai,Veloster,2012,3.5 
Hyundai,Elantra GT,2019,4.5 
Hyundai,Elantra GT,2018,4.5 
Hyundai,Elantra GT,2017,4.5 
Hyundai,Elantra GT,2016,4.2 
Hyundai,Elantra GT,2015,4.3 
INFINITI,Q50,2019,4.5 
INFINITI,Q50,2018,4.5 
INFINITI,Q50,2017,4.5 
INFINITI,Q50,2016,4.1 
INFINITI,Q50,2015,3.9 
INFINITI,Q50,2014,4.0 
INFINITI,Q70,2019,3.8 
INFINITI,Q70,2018,3.9 
INFINITI,Q70,2017,3.9 
INFINITI,Q70,2016,4.0 
INFINITI,Q70,2014,3.9 
INFINITI,QX30,2019,4.4 
INFINITI,QX30,2018,4.4 
INFINITI,QX30,2017,4.4 
INFINITI,QX50,2019,4.4 
INFINITI,QX50,2017,3.9 
INFINITI,QX50,2016,4.0 
INFINITI,QX50,2015,3.5 
INFINITI,QX50,2014,3.6 
INFINITI,QX60,2020,4.2 
INFINITI,QX60,2019,4.1 
INFINITI,QX60,2018,4.2 
INFINITI,QX60,2017,4.2 
INFINITI,QX60,2016,4.3 
INFINITI,QX60,2015,3.9 
INFINITI,QX60,2014,3.9 
INFINITI,QX80,2017,3.4 
INFINITI,QX80,2016,3.5 
INFINITI,QX80,2015,3.5 
INFINITI,QX80,2014,3.6 
INFINITI,Q60,2015,3.7 
INFINITI,Q60,2014,3.8 
INFINITI,Q50,2019,4.5 
INFINITI,Q50,2018,4.5 
INFINITI,Q50,2017,4.5 
INFINITI,Q50,2016,4.1 
INFINITI,Q50,2015,3.9 
INFINITI,Q50,2014,4.0 
Jaguar,XE,2018,4.0 
Jaguar,XE,2017,4.0 
Jaguar,XF,2018,3.7 
Jaguar,XF,2017,3.7 
Jaguar,XF,2015,3.5 
Jaguar,XF,2014,3.5 
Jaguar,XF,2013,3.6 
Jaguar,XF,2012,3.6 
Jaguar,XJ,2011,3.6 
Jaguar,E-PACE,2018,4.3 
Jaguar,F-PACE,2019,4.1 
Jaguar,F-PACE,2018,4.1 
Jaguar,F-PACE,2017,4.2 
Jaguar,F-TYPE,2020,3.5 
Jaguar,F-TYPE,2019,3.5 
Jaguar,F-TYPE,2018,4.4 
Jaguar,F-TYPE,2017,4.5 
Jaguar,F-TYPE,2016,3.6 
Jaguar,F-TYPE,2015,3.7 
Jaguar,F-TYPE,2014,3.7 
Jeep,Cherokee,2020,3.5 
Jeep,Cherokee,2019,3.5 
Jeep,Cherokee,2018,3.5 
Jeep,Cherokee,2017,3.6 
Jeep,Cherokee,2016,3.6 
Jeep,Cherokee,2015,3.7 
Jeep,Cherokee,2014,3.7 
Jeep,Compass,2019,3.6 
Jeep,Compass,2018,3.7 
Jeep,Compass,2017,3.7 
Jeep,Compass,2016,2.5 
Jeep,Compass,2015,2.6 
Jeep,Compass,2014,2.6 
Jeep,Compass,2013,2.7 
Jeep,Compass,2012,2.4 
Jeep,Grand Cherokee,2020,4.3 
Jeep,Grand Cherokee,2019,4.3 
Jeep,Grand Cherokee,2018,4.3 
Jeep,Grand Cherokee,2017,4.4 
Jeep,Grand Cherokee,2016,4.4 
Jeep,Grand Cherokee,2015,4.5 
Jeep,Grand Cherokee,2014,3.8 
Jeep,Grand Cherokee,2013,3.8 
Jeep,Grand Cherokee,2012,3.9 
Jeep,Grand Cherokee,2011,3.7 
Jeep,Renegade,2019,4.1 
Jeep,Renegade,2018,4.1 
Jeep,Renegade,2017,4.1 
Jeep,Renegade,2016,4.2 
Jeep,Renegade,2015,4.2 
Jeep,Wrangler,2020,4.4 
Jeep,Wrangler,2019,4.4 
Jeep,Wrangler,2018,4.5 
Jeep,Wrangler,2017,3.8 
Jeep,Wrangler,2016,3.8 
Jeep,Wrangler,2015,3.2 
Jeep,Wrangler,2014,3.3 
Jeep,Wrangler,2013,3.3 
Jeep,Wrangler,2012,3.4 
Jeep,Wrangler Unlimited,2020,4.4 
Jeep,Wrangler Unlimited,2019,4.4 
Jeep,Wrangler Unlimited,2018,4.5 
Jeep,Wrangler Unlimited,2017,3.8 
Kia,Cadenza,2019,4.0 
Kia,Cadenza,2018,4.0 
Kia,Cadenza,2017,4.1 
Kia,Cadenza,2016,3.7 
Kia,Cadenza,2015,3.7 
Kia,Cadenza,2014,4.0 
Kia,Forte,2020,4.5 
Kia,Forte,2019,4.6 
Kia,Forte,2018,4.2 
Kia,Forte,2017,4.3 
Kia,Forte,2016,4.3 
Kia,Forte,2015,4.4 
Kia,Forte,2014,4.0 
Kia,Forte,2013,3.1 
Kia,Forte,2012,3.1 
Kia,K900,2017,4.0 
Kia,Optima,2019,4.4 
Kia,Optima,2018,4.4 
Kia,Optima,2017,4.5 
Kia,Optima,2016,4.5 
Kia,Optima,2015,4.3 
Kia,Optima,2014,3.8 
Kia,Optima,2013,3.9 
Kia,Optima,2012,3.9 
Kia,Optima,2011,3.9 
Kia,Optima Hybrid,2020,4.4 
Kia,Optima Hybrid,2019,4.4 
Kia,Optima Hybrid,2018,4.4 
Kia,Optima Hybrid,2017,4.5 
Kia,Optima Hybrid,2016,4.5 
Kia,Optima Hybrid,2015,4.3 
Kia,Optima Plug-in Hybrid,2020,4.4 
Kia,Optima Plug-in Hybrid,2019,4.4 
Kia,Optima Plug-in Hybrid,2018,4.4 
Kia,Optima Plug-in Hybrid,2017,4.5 
Kia,Rio,2020,4.3 
Kia,Rio,2019,4.3 
Kia,Rio,2018,4.3 
Kia,Rio,2017,4.3 
Kia,Rio,2016,4.3 
Kia,Rio,2015,4.4 
Kia,Rio,2014,3.2 
Kia,Rio,2013,3.3 
Kia,Rio,2012,3.3 
Kia,Stinger,2019,4.4 
Kia,Stinger,2018,4.4 
Kia,Sorento,2020,4.1 
Kia,Sorento,2019,4.1 
Kia,Sorento,2018,4.2 
Kia,Sorento,2017,4.2 
Kia,Sorento,2016,4.3 
Kia,Sorento,2015,4.3 
Kia,Sorento,2014,3.9 
Kia,Sorento,2013,3.8 
Kia,Sorento,2012,3.6 
Kia,Sportage,2020,4.4 
Kia,Sportage,2019,4.4 
Kia,Sportage,2018,4.4 
Kia,Sportage,2017,4.5 
Kia,Sportage,2016,4.1 
Kia,Sportage,2015,4.1 
Kia,Sportage,2014,3.7 
Kia,Sportage,2013,3.8 
Kia,Sportage,2012,3.7 
Kia,Sedona,2020,4.3 
Kia,Sedona,2019,4.3 
Kia,Sedona,2018,4.3 
Kia,Sedona,2017,4.4 
Kia,Sedona,2016,4.4 
Kia,Sedona,2015,4.5 
Kia,Sedona,2014,3.2 
Kia,Sedona,2012,3.3 
Kia,Sedona,2011,3.2 
Kia,Niro,2019,4.4 
Kia,Niro,2018,4.4 
Kia,Niro,2017,4.5 
Kia,Niro Plug-in Hybrid,2019,4.4 
Kia,Niro Plug-in Hybrid,2018,4.4 
Kia,Soul EV,2019,4.3 
Kia,Soul EV,2018,4.3 
Kia,Soul EV,2017,4.3 
Kia,Soul EV,2016,4.4 
Kia,Soul EV,2015,4.4 
Kia,Forte5,2018,4.2 
Kia,Forte5,2017,4.3 
Kia,Forte5,2016,4.3 
Kia,Forte5,2015,4.4 
Kia,Soul,2020,4.6 
Kia,Soul,2019,4.3 
Kia,Soul,2018,4.3 
Kia,Soul,2017,4.3 
Kia,Soul,2016,4.4 
Kia,Soul,2015,4.4 
Kia,Soul,2014,4.0 
Kia,Soul,2013,3.6 
Kia,Soul,2012,3.7 
Kia,Soul,2011,3.5 
Land Rover,Discovery,2020,3.9 
Land Rover,Discovery,2019,3.9 
Land Rover,Discovery,2018,3.9 
Land Rover,Discovery,2017,4.0 
Land Rover,Discovery Sport,2019,3.6 
Land Rover,Discovery Sport,2018,3.6 
Land Rover,Discovery Sport,2017,3.7 
Land Rover,Discovery Sport,2016,3.7 
Land Rover,Range Rover,2017,3.4 
Land Rover,Range Rover,2016,3.5 
Land Rover,Range Rover,2015,3.5 
Land Rover,Range Rover,2014,3.6 
Land Rover,Range Rover,2012,3.7 
Land Rover,Range Rover Evoque,2019,3.7 
Land Rover,Range Rover Evoque,2018,3.7 
Land Rover,Range Rover Evoque,2017,3.8 
Land Rover,Range Rover Evoque,2016,3.8 
Land Rover,Range Rover Evoque,2015,3.5 
Land Rover,Range Rover Evoque,2014,3.6 
Land Rover,Range Rover Evoque,2013,3.6 
Land Rover,Range Rover Evoque,2012,3.7 
Land Rover,Range Rover Sport,2019,4.3 
Land Rover,Range Rover Sport,2018,4.3 
Land Rover,Range Rover Sport,2017,4.4 
Land Rover,Range Rover Sport,2016,4.4 
Land Rover,Range Rover Sport,2015,3.5 
Land Rover,Range Rover Sport,2014,3.6 
Land Rover,Range Rover Sport,2013,3.6 
Land Rover,Range Rover Sport,2012,3.6 
Land Rover,Range Rover Sport,2011,3.5 
Land Rover,Range Rover Evoque,2019,3.7 
Land Rover,Range Rover Evoque,2018,3.7 
Land Rover,Range Rover Evoque,2017,3.8 
Land Rover,Range Rover Evoque,2016,3.8 
Land Rover,Range Rover Evoque,2015,3.5 
Land Rover,Range Rover Evoque,2014,3.6 
Land Rover,Range Rover Evoque,2013,3.6 
Land Rover,Range Rover Evoque,2012,3.7 
Lexus,ES,2018,4.0 
Lexus,ES,2017,4.0 
Lexus,ES,2016,4.3 
Lexus,ES,2015,4.1 
Lexus,ES,2014,4.2 
Lexus,ES,2013,4.2 
Lexus,ES,2012,3.6 
Lexus,GS,2020,4.4 
Lexus,GS,2019,4.4 
Lexus,GS,2018,4.4 
Lexus,GS,2017,4.5 
Lexus,GS,2016,3.7 
Lexus,GS,2015,3.7 
Lexus,GS,2014,3.8 
Lexus,GS,2013,3.8 
Lexus,IS,2019,4.5 
Lexus,IS,2018,4.5 
Lexus,IS,2017,4.5 
Lexus,IS,2016,4.6 
Lexus,IS,2013,3.7 
Lexus,IS,2012,3.8 
Lexus,IS,2011,3.4 
Lexus,LS,2012,4.0 
Lexus,GX,2020,3.7 
Lexus,GX,2019,3.7 
Lexus,GX,2018,3.7 
Lexus,GX,2017,3.8 
Lexus,GX,2016,3.8 
Lexus,GX,2015,3.1 
Lexus,GX,2014,3.1 
Lexus,GX,2013,3.2 
Lexus,GX,2012,3.2 
Lexus,NX,2020,4.4 
Lexus,NX,2019,4.4 
Lexus,NX,2018,4.4 
Lexus,NX,2017,4.5 
Lexus,NX,2016,4.5 
Lexus,RX,2020,4.5 
Lexus,RX,2019,4.5 
Lexus,RX,2018,4.6 
Lexus,RX,2017,4.6 
Lexus,RX,2016,4.7 
Lexus,RX,2015,3.5 
Lexus,RX,2014,3.5 
Lexus,RX,2013,3.8 
Lexus,RX,2012,3.8 
Lexus,RX,2011,3.9 
Lincoln,Continental,2017,3.8 
Lincoln,MKZ,2019,3.7 
Lincoln,MKZ,2018,3.7 
Lincoln,MKZ,2017,3.7 
Lincoln,MKZ,2016,3.8 
Lincoln,MKZ,2015,3.0 
Lincoln,MKZ,2014,3.0 
Lincoln,MKZ,2013,3.1 
Lincoln,MKZ,2012,3.4 
Lincoln,MKZ,2011,3.7 
Lincoln,Aviator,2020,4.1 
Lincoln,MKC,2019,4.0 
Lincoln,MKC,2018,4.1 
Lincoln,MKC,2017,4.1 
Lincoln,MKC,2016,4.2 
Lincoln,MKT,2019,3.4 
Lincoln,MKT,2018,3.4 
Lincoln,MKT,2017,3.5 
Lincoln,MKT,2016,3.5 
Lincoln,MKT,2015,2.6 
Lincoln,MKT,2014,2.6 
Lincoln,MKT,2013,2.7 
Lincoln,MKT,2012,2.7 
Lincoln,MKX,2018,3.8 
Lincoln,MKX,2017,3.8 
Lincoln,MKX,2016,3.9 
Lincoln,MKX,2015,2.9 
Lincoln,MKX,2014,3.0 
Lincoln,MKX,2013,3.0 
Lincoln,MKX,2012,3.1 
Lincoln,MKX,2011,2.9 
Lincoln,Navigator,2017,3.3 
Lincoln,Navigator,2016,3.4 
Lincoln,Navigator,2015,3.4 
Lincoln,Navigator,2014,3.5 
Lincoln,Navigator,2013,3.5 
Lincoln,Navigator,2012,3.6 
Lincoln,Navigator L,2017,3.3 
Lincoln,Navigator L,2016,3.4 
Lincoln,Navigator L,2015,3.4 
Lincoln,Navigator L,2014,3.5 
Lincoln,Navigator L,2013,3.5 
Lincoln,Navigator L,2012,3.6 
Maserati,Ghibli,2019,3.7 
Maserati,Ghibli,2018,3.7 
Maserati,Ghibli,2017,3.7 
Maserati,Ghibli,2016,3.8 
MAZDA,MAZDA3,2020,4.4 
MAZDA,MAZDA3,2019,4.5 
MAZDA,MAZDA3,2018,4.4 
MAZDA,MAZDA3,2017,4.5 
MAZDA,MAZDA3,2016,4.5 
MAZDA,MAZDA3,2015,4.6 
MAZDA,MAZDA3,2014,4.2 
MAZDA,MAZDA3,2013,4.0 
MAZDA,MAZDA3,2012,4.1 
MAZDA,MAZDA6,2019,4.4 
MAZDA,MAZDA6,2018,4.4 
MAZDA,MAZDA6,2017,4.4 
MAZDA,MAZDA6,2016,4.5 
MAZDA,MAZDA6,2015,4.5 
MAZDA,MAZDA6,2014,4.2 
MAZDA,MAZDA6,2013,3.4 
MAZDA,MAZDA6,2012,3.5 
MAZDA,MAZDA6,2011,3.5 
MAZDA,CX-3,2019,4.2 
MAZDA,CX-3,2018,4.3 
MAZDA,CX-3,2017,4.3 
MAZDA,CX-3,2016,4.4 
MAZDA,CX-5,2019,4.7 
MAZDA,CX-5,2018,4.7 
MAZDA,CX-5,2017,4.7 
MAZDA,CX-5,2016,4.7 
MAZDA,CX-5,2015,4.7 
MAZDA,CX-5,2014,4.1 
MAZDA,CX-5,2013,4.2 
MAZDA,CX-9,2019,4.0 
MAZDA,CX-9,2018,4.1 
MAZDA,CX-9,2017,4.1 
MAZDA,CX-9,2016,4.2 
MAZDA,CX-9,2015,3.6 
MAZDA,CX-9,2014,3.4 
MAZDA,CX-9,2013,3.5 
MAZDA,CX-9,2012,3.5 
MAZDA,CX-9,2011,3.7 
MAZDA,MX-5 Miata RF,2019,4.6 
MAZDA,MX-5 Miata RF,2018,4.7 
MAZDA,MX-5 Miata RF,2017,4.7 
MAZDA,MX-5 Miata,2019,4.6 
MAZDA,MX-5 Miata,2018,4.7 
MAZDA,MX-5 Miata,2017,4.7 
MAZDA,MX-5 Miata,2016,4.8 
MAZDA,MX-5 Miata,2015,4.0 
MAZDA,MX-5 Miata,2014,4.1 
MAZDA,MX-5 Miata,2013,4.1 
MAZDA,MX-5 Miata,2012,4.2 
MAZDA,MX-5 Miata,2011,4.0 
Mercedes-Benz,C-Class,2019,4.7 
Mercedes-Benz,C-Class,2018,4.7 
Mercedes-Benz,C-Class,2017,4.7 
Mercedes-Benz,C-Class,2016,4.8 
Mercedes-Benz,C-Class,2014,3.6 
Mercedes-Benz,C-Class,2013,3.7 
Mercedes-Benz,C-Class,2012,3.7 
Mercedes-Benz,CLA,2019,4.5 
Mercedes-Benz,CLA,2018,4.6 
Mercedes-Benz,CLA,2017,4.6 
Mercedes-Benz,CLA,2016,4.7 
Mercedes-Benz,CLS,2017,3.8 
Mercedes-Benz,E-Class,2019,4.6 
Mercedes-Benz,E-Class,2018,4.7 
Mercedes-Benz,E-Class,2017,4.8 
Mercedes-Benz,E-Class,2013,3.8 
Mercedes-Benz,E-Class,2012,3.8 
Mercedes-Benz,Mercedes-AMG C-Class,2019,4.7 
Mercedes-Benz,Mercedes-AMG C-Class,2018,4.7 
Mercedes-Benz,Mercedes-AMG C-Class,2017,4.7 
Mercedes-Benz,Mercedes-AMG CLA,2019,4.6 
Mercedes-Benz,Mercedes-AMG CLA,2018,4.6 
Mercedes-Benz,Mercedes-AMG CLA,2017,4.6 
Mercedes-Benz,Mercedes-AMG CLA,2016,4.7 
Mercedes-Benz,Mercedes-AMG CLS,2017,3.8 
Mercedes-Benz,Mercedes-AMG E-Class,2019,4.7 
Mercedes-Benz,Mercedes-AMG E-Class,2018,4.7 
Mercedes-Benz,Mercedes-AMG E-Class,2017,4.8 
Mercedes-Benz,S-Class,2013,3.9 
Mercedes-Benz,S-Class,2012,4.0 
Mercedes-Benz,G-Class,2017,2.8 
Mercedes-Benz,G-Class,2016,2.9 
Mercedes-Benz,G-Class,2015,2.9 
Mercedes-Benz,G-Class,2014,3.0 
Mercedes-Benz,G-Class,2013,3.0 
Mercedes-Benz,G-Class,2012,3.1 
Mercedes-Benz,GLA,2019,4.3 
Mercedes-Benz,GLA,2018,4.3 
Mercedes-Benz,GLA,2017,4.3 
Mercedes-Benz,GLA,2016,4.4 
Mercedes-Benz,GLC,2020,4.6 
Mercedes-Benz,GLC,2019,4.6 
Mercedes-Benz,GLC,2018,4.7 
Mercedes-Benz,GLC,2017,4.7 
Mercedes-Benz,GLC,2016,4.8 
Mercedes-Benz,GLC Coupe,2019,4.7 
Mercedes-Benz,GLC Coupe,2018,4.7 
Mercedes-Benz,GLC Coupe,2017,4.7 
Mercedes-Benz,GLE,2019,4.5 
Mercedes-Benz,GLE,2018,4.5 
Mercedes-Benz,GLE,2017,4.5 
Mercedes-Benz,GLE,2016,4.6 
Mercedes-Benz,GLS,2019,3.4 
Mercedes-Benz,GLS,2017,3.4 
Mercedes-Benz,Mercedes-AMG G-Class,2017,2.8 
Mercedes-Benz,Mercedes-AMG GLA,2019,4.3 
Mercedes-Benz,Mercedes-AMG GLA,2018,4.3 
Mercedes-Benz,Mercedes-AMG GLA,2017,4.3 
Mercedes-Benz,Mercedes-AMG GLA,2016,4.4 
Mercedes-Benz,Mercedes-AMG GLC,2019,4.6 
Mercedes-Benz,Mercedes-AMG GLC,2018,4.6 
Mercedes-Benz,Mercedes-AMG GLC,2017,4.7 
Mercedes-Benz,Mercedes-AMG GLC Coupe,2019,4.7 
Mercedes-Benz,Mercedes-AMG GLC Coupe,2018,4.7 
Mercedes-Benz,Mercedes-AMG GLC Coupe,2017,4.7 
Mercedes-Benz,Mercedes-AMG GLE,2019,4.5 
Mercedes-Benz,Mercedes-AMG GLE,2018,4.5 
Mercedes-Benz,Mercedes-AMG GLE,2017,4.5 
Mercedes-Benz,Mercedes-AMG GLE,2016,4.6 
Mercedes-Benz,Mercedes-AMG GLE Coupe,2019,4.3 
Mercedes-Benz,Mercedes-AMG GLE Coupe,2018,4.3 
Mercedes-Benz,Mercedes-AMG GLE Coupe,2017,4.4 
Mercedes-Benz,Mercedes-AMG GLE Coupe,2016,4.4 
Mercedes-Benz,Mercedes-AMG GLS,2019,3.4 
Mercedes-Benz,Mercedes-AMG GLS,2017,3.4 
Mercedes-Benz,Mercedes-AMG SL,2017,3.5 
Mercedes-Benz,Mercedes-AMG SLC,2019,3.6 
Mercedes-Benz,Mercedes-AMG SLC,2018,3.6 
Mercedes-Benz,Mercedes-AMG SLC,2017,4.1 
Mercedes-Benz,SL,2017,3.5 
Mercedes-Benz,SL,2016,3.5 
Mercedes-Benz,SLC,2019,3.6 
Mercedes-Benz,SLC,2018,3.6 
Mercedes-Benz,SLC,2017,4.1 
Mercedes-Benz,GLC,2020,4.6 
Mercedes-Benz,GLC,2019,4.6 
Mercedes-Benz,GLC,2018,4.7 
Mercedes-Benz,GLC,2017,4.7 
Mercedes-Benz,GLC,2016,4.8 
Mercedes-Benz,GLE,2019,4.5 
Mercedes-Benz,GLE,2018,4.5 
Mercedes-Benz,GLE,2017,4.5 
Mercedes-Benz,GLE,2016,4.6 
MINI,Clubman,2013,3.6 
MINI,Hardtop 4 Door,2019,3.7 
MINI,Hardtop 4 Door,2018,3.8 
MINI,Hardtop 4 Door,2017,3.8 
MINI,Hardtop 4 Door,2016,3.9 
MINI,Hardtop 4 Door,2015,3.9 
MINI,Countryman,2016,3.4 
MINI,Countryman,2015,3.5 
MINI,Countryman,2014,3.5 
MINI,Countryman,2013,3.6 
MINI,Countryman,2012,3.6 
MINI,Countryman,2011,3.5 
MINI,Hardtop 2 Door,2019,3.7 
MINI,Hardtop 2 Door,2018,3.8 
MINI,Hardtop 2 Door,2017,3.8 
MINI,Hardtop 2 Door,2016,3.9 
MINI,Hardtop 2 Door,2015,3.9 
MINI,Convertible,2018,3.8 
MINI,Convertible,2017,3.8 
MINI,Convertible,2016,3.9 
MINI,Convertible,2015,3.5 
Mitsubishi,Mirage G4,2019,3.0 
Mitsubishi,Mirage G4,2018,3.0 
Mitsubishi,Mirage G4,2017,3.1 
Mitsubishi,Eclipse Cross,2018,3.6 
Mitsubishi,Outlander,2020,3.5 
Mitsubishi,Outlander,2019,3.5 
Mitsubishi,Outlander,2018,3.5 
Mitsubishi,Outlander,2017,3.5 
Mitsubishi,Outlander,2016,3.6 
Mitsubishi,Outlander,2015,3.1 
Mitsubishi,Outlander,2014,3.0 
Mitsubishi,Outlander,2013,2.9 
Mitsubishi,Outlander,2012,3.0 
Mitsubishi,Outlander PHEV,2019,3.5 
Mitsubishi,Outlander PHEV,2018,3.5 
Mitsubishi,Outlander Sport,2019,3.1 
Mitsubishi,Outlander Sport,2018,3.1 
Mitsubishi,Outlander Sport,2017,3.2 
Mitsubishi,Outlander Sport,2016,3.2 
Mitsubishi,Outlander Sport,2015,3.3 
Mitsubishi,Outlander Sport,2014,3.3 
Mitsubishi,Outlander Sport,2013,3.3 
Mitsubishi,Outlander Sport,2012,3.4 
Mitsubishi,Mirage,2019,3.0 
Mitsubishi,Mirage,2018,3.0 
Mitsubishi,Mirage,2017,3.1 
Mitsubishi,Mirage,2015,3.1 
Mitsubishi,Mirage,2014,2.2 
Nissan,Altima,2018,4.0 
Nissan,Altima,2017,4.0 
Nissan,Altima,2016,4.1 
Nissan,Altima,2015,4.1 
Nissan,Altima,2014,4.2 
Nissan,Altima,2013,4.3 
Nissan,Maxima,2020,3.9 
Nissan,Maxima,2019,3.9 
Nissan,Maxima,2018,3.9 
Nissan,Maxima,2017,4.0 
Nissan,Maxima,2016,4.0 
Nissan,Maxima,2014,3.7 
Nissan,Maxima,2013,3.7 
Nissan,Maxima,2012,3.8 
Nissan,Maxima,2011,3.5 
Nissan,Sentra,2019,4.0 
Nissan,Sentra,2018,4.1 
Nissan,Sentra,2017,4.1 
Nissan,Sentra,2016,4.2 
Nissan,Sentra,2015,4.2 
Nissan,Sentra,2014,3.7 
Nissan,Sentra,2013,3.8 
Nissan,Sentra,2012,3.4 
Nissan,Sentra,2011,3.4 
Nissan,Versa,2019,3.7 
Nissan,Versa,2018,3.7 
Nissan,Versa,2017,3.8 
Nissan,Versa,2016,3.8 
Nissan,Versa,2015,3.9 
Nissan,Versa,2014,3.8 
Nissan,Versa,2013,3.0 
Nissan,Versa,2012,3.1 
Nissan,Versa,2011,2.8 
Nissan,Versa Note,2019,4.3 
Nissan,Versa Note,2018,4.3 
Nissan,Versa Note,2017,4.4 
Nissan,Versa Note,2016,4.4 
Nissan,Armada,2019,4.1 
Nissan,Armada,2018,4.1 
Nissan,Armada,2017,4.2 
Nissan,Armada,2015,4.0 
Nissan,Armada,2014,3.3 
Nissan,Armada,2013,3.3 
Nissan,Armada,2012,3.4 
Nissan,Kicks,2018,4.5 
Nissan,Murano,2019,4.1 
Nissan,Murano,2018,4.1 
Nissan,Murano,2017,4.1 
Nissan,Murano,2016,4.2 
Nissan,Murano,2015,4.2 
Nissan,Murano,2014,3.7 
Nissan,Murano,2013,3.7 
Nissan,Murano,2012,3.8 
Nissan,Murano,2011,3.7 
Nissan,Pathfinder,2019,4.2 
Nissan,Pathfinder,2018,4.2 
Nissan,Pathfinder,2017,4.2 
Nissan,Pathfinder,2016,4.3 
Nissan,Pathfinder,2015,4.3 
Nissan,Pathfinder,2014,4.0 
Nissan,Pathfinder,2013,4.1 
Nissan,Pathfinder,2012,3.4 
Nissan,Rogue,2019,4.3 
Nissan,Rogue,2018,4.3 
Nissan,Rogue,2017,4.4 
Nissan,Rogue,2016,4.3 
Nissan,Rogue,2015,4.4 
Nissan,Rogue,2013,3.4 
Nissan,Rogue,2012,3.2 
Nissan,Rogue,2011,3.4 
Nissan,Rogue Sport,2019,4.4 
Nissan,Rogue Sport,2018,4.4 
Nissan,Rogue Sport,2017,4.5 
Nissan,Frontier Crew Cab,2019,3.8 
Nissan,Frontier Crew Cab,2018,3.8 
Nissan,Frontier Crew Cab,2017,3.8 
Nissan,Frontier Crew Cab,2016,3.9 
Nissan,Frontier Crew Cab,2015,3.9 
Nissan,Frontier Crew Cab,2014,3.6 
Nissan,Frontier Crew Cab,2013,3.6 
Nissan,Frontier Crew Cab,2012,3.7 
Nissan,Frontier King Cab,2019,3.8 
Nissan,Frontier King Cab,2018,3.8 
Nissan,Frontier King Cab,2017,3.8 
Nissan,Frontier King Cab,2016,3.9 
Nissan,Frontier King Cab,2015,3.9 
Nissan,Frontier King Cab,2014,3.6 
Nissan,Frontier King Cab,2013,3.6 
Nissan,Frontier King Cab,2012,3.7 
Nissan,Titan Crew Cab,2019,3.9 
Nissan,Titan Crew Cab,2018,3.9 
Nissan,Titan Crew Cab,2017,4.0 
Nissan,Titan Crew Cab,2015,3.6 
Nissan,Titan Crew Cab,2014,3.2 
Nissan,Titan Crew Cab,2013,3.2 
Nissan,Titan Crew Cab,2012,3.3 
Nissan,Titan King Cab,2019,3.9 
Nissan,Titan King Cab,2018,3.9 
Nissan,Titan King Cab,2017,4.0 
Nissan,Titan King Cab,2015,3.6 
Nissan,Titan King Cab,2014,3.2 
Nissan,Titan King Cab,2013,3.2 
Nissan,Titan King Cab,2012,3.3 
Nissan,TITAN Single Cab,2019,3.9 
Nissan,TITAN Single Cab,2018,3.9 
Nissan,TITAN Single Cab,2017,4.0 
Nissan,TITAN XD Crew Cab,2019,3.9 
Nissan,TITAN XD Crew Cab,2018,3.9 
Nissan,TITAN XD Crew Cab,2017,3.9 
Nissan,TITAN XD Crew Cab,2016,4.0 
Nissan,TITAN XD King Cab,2019,3.9 
Nissan,TITAN XD King Cab,2018,3.9 
Nissan,TITAN XD King Cab,2017,3.9 
Nissan,TITAN XD Single Cab,2019,3.9 
Nissan,TITAN XD Single Cab,2018,3.9 
Nissan,TITAN XD Single Cab,2017,3.9 
Nissan,NV1500 Cargo,2014,3.9 
Nissan,NV200,2017,4.0 
Nissan,NV200,2016,4.0 
Nissan,NV200,2015,4.1 
Nissan,NV200,2014,4.1 
Nissan,NV200,2013,4.2 
Nissan,NV2500 HD Cargo,2014,3.9 
Nissan,NV3500 HD Cargo,2014,3.9 
Nissan,NV3500 HD Passenger,2014,3.9 
Nissan,Rogue,2019,4.3 
Nissan,Rogue,2018,4.3 
Nissan,Rogue,2017,4.4 
Nissan,Rogue,2016,4.3 
Nissan,Rogue,2015,4.4 
Nissan,Rogue,2013,3.4 
Nissan,Rogue,2012,3.2 
Nissan,Rogue,2011,3.4 
Nissan,LEAF,2019,4.4 
Nissan,LEAF,2018,4.5 
Nissan,LEAF,2017,4.3 
Nissan,LEAF,2016,4.3 
Nissan,LEAF,2015,3.9 
Nissan,LEAF,2014,3.9 
Nissan,LEAF,2013,4.0 
Nissan,LEAF,2012,4.0 
Nissan,LEAF,2011,3.5 
Nissan,370Z,2020,4.2 
Nissan,370Z,2019,4.2 
Nissan,370Z,2018,4.3 
Nissan,370Z,2017,4.3 
Nissan,370Z,2016,4.4 
Nissan,370Z,2015,3.7 
Nissan,370Z,2014,3.7 
Nissan,370Z,2013,3.8 
Nissan,370Z,2012,3.8 
Nissan,GT-R,2017,3.7 
Nissan,GT-R,2016,3.7 
Nissan,GT-R,2015,3.8 
Nissan,GT-R,2013,3.9 
Nissan,GT-R,2012,3.9 
Nissan,370Z,2020,4.2 
Nissan,370Z,2019,4.2 
Nissan,370Z,2018,4.3 
Nissan,370Z,2017,4.3 
Nissan,370Z,2016,4.4 
Nissan,370Z,2015,3.7 
Nissan,370Z,2014,3.7 
Nissan,370Z,2013,3.8 
Nissan,370Z,2012,3.8 
Porsche,Cayenne,2018,4.4 
Porsche,Cayenne,2017,4.5 
Porsche,Cayenne,2016,4.5 
Porsche,Cayenne,2015,3.9 
Porsche,Cayenne,2014,4.0 
Porsche,Cayenne,2013,3.9 
Porsche,Cayenne,2012,4.1 
Porsche,Macan,2020,4.2 
Porsche,Macan,2019,4.2 
Porsche,Macan,2018,4.2 
Porsche,Macan,2017,4.2 
Porsche,Macan,2016,4.3 
Porsche,718 Boxster,2019,4.6 
Porsche,718 Boxster,2018,4.7 
Porsche,718 Boxster,2017,4.7 
Porsche,718 Cayman,2018,4.7 
Porsche,718 Cayman,2017,4.7 
Porsche,911,2018,4.0 
Porsche,911,2017,4.0 
Porsche,911,2016,4.1 
Porsche,911,2015,4.1 
Porsche,911,2014,4.2 
Porsche,911,2013,4.2 
Porsche,911,2012,4.3 
Ram,1500 Crew Cab,2020,4.5 
Ram,1500 Crew Cab,2019,4.6 
Ram,1500 Crew Cab,2018,4.4 
Ram,1500 Crew Cab,2017,4.4 
Ram,1500 Crew Cab,2016,4.5 
Ram,1500 Crew Cab,2015,4.5 
Ram,1500 Crew Cab,2014,3.9 
Ram,1500 Crew Cab,2013,3.9 
Ram,1500 Crew Cab,2012,3.8 
Ram,1500 Quad Cab,2019,4.6 
Ram,1500 Quad Cab,2018,4.4 
Ram,1500 Quad Cab,2017,4.4 
Ram,1500 Quad Cab,2016,4.5 
Ram,1500 Quad Cab,2015,4.5 
Ram,1500 Quad Cab,2014,3.9 
Ram,1500 Quad Cab,2013,3.9 
Ram,1500 Quad Cab,2012,3.8 
Ram,1500 Regular Cab,2018,4.4 
Ram,1500 Regular Cab,2017,4.4 
Ram,1500 Regular Cab,2016,4.5 
Ram,1500 Regular Cab,2015,4.5 
Ram,1500 Regular Cab,2014,3.9 
Ram,1500 Regular Cab,2013,3.9 
Ram,1500 Regular Cab,2012,3.8 
Ram,2500 Crew Cab,2019,4.6 
Ram,2500 Crew Cab,2018,4.4 
Ram,2500 Crew Cab,2017,4.4 
Ram,2500 Mega Cab,2019,4.6 
Ram,2500 Mega Cab,2018,4.4 
Ram,2500 Mega Cab,2017,4.4 
Ram,2500 Regular Cab,2019,4.6 
Ram,2500 Regular Cab,2018,4.4 
Ram,2500 Regular Cab,2017,4.4 
Ram,3500 Crew Cab,2019,4.6 
Ram,3500 Crew Cab,2018,4.4 
Ram,3500 Crew Cab,2017,4.4 
Ram,3500 Mega Cab,2019,4.6 
Ram,3500 Mega Cab,2018,4.4 
Ram,3500 Mega Cab,2017,4.4 
Ram,3500 Regular Cab,2019,4.6 
Ram,3500 Regular Cab,2018,4.4 
Ram,3500 Regular Cab,2017,4.4 
smart,fortwo electric drive,2018,3.0 
smart,fortwo electric drive,2017,3.1 
smart,fortwo electric drive,2016,3.1 
smart,fortwo electric drive,2015,1.6 
smart,fortwo electric drive,2014,1.7 
smart,fortwo electric drive,2013,1.7 
smart,fortwo electric drive cabrio,2018,3.0 
smart,fortwo electric drive cabrio,2017,3.1 
Subaru,Impreza,2020,4.3 
Subaru,Impreza,2019,4.3 
Subaru,Impreza,2018,4.3 
Subaru,Impreza,2017,4.4 
Subaru,Impreza,2016,4.1 
Subaru,Impreza,2015,4.1 
Subaru,Impreza,2014,3.3 
Subaru,Impreza,2013,3.3 
Subaru,Impreza,2012,3.4 
Subaru,Impreza,2011,3.6 
Subaru,Legacy,2019,4.0 
Subaru,Legacy,2018,4.1 
Subaru,Legacy,2017,4.1 
Subaru,Legacy,2016,4.2 
Subaru,Legacy,2015,4.2 
Subaru,Legacy,2014,3.5 
Subaru,Legacy,2013,3.5 
Subaru,Legacy,2012,3.6 
Subaru,Legacy,2011,3.1 
Subaru,WRX,2020,4.3 
Subaru,WRX,2019,4.3 
Subaru,WRX,2018,4.4 
Subaru,Crosstrek,2018,4.7 
Subaru,Crosstrek,2017,4.4 
Subaru,Crosstrek,2016,4.5 
Subaru,Forester,2018,4.4 
Subaru,Forester,2017,4.5 
Subaru,Forester,2016,4.5 
Subaru,Forester,2015,4.6 
Subaru,Forester,2014,3.7 
Subaru,Forester,2013,3.3 
Subaru,Forester,2012,3.6 
Subaru,Forester,2011,3.3 
Subaru,Outback,2019,4.2 
Subaru,Outback,2018,4.3 
Subaru,Outback,2017,4.3 
Subaru,Outback,2016,4.4 
Subaru,Outback,2015,4.4 
Subaru,Outback,2014,3.4 
Subaru,Outback,2013,3.4 
Subaru,Outback,2012,3.5 
Subaru,Outback,2011,3.6 
Subaru,BRZ,2019,4.6 
Subaru,BRZ,2018,4.6 
Subaru,BRZ,2017,4.6 
Subaru,BRZ,2016,4.7 
Subaru,BRZ,2015,3.9 
Subaru,BRZ,2014,3.9 
Subaru,BRZ,2013,4.0 
Toyota,Avalon,2018,4.0 
Toyota,Avalon,2017,4.1 
Toyota,Avalon,2016,4.1 
Toyota,Avalon,2015,4.2 
Toyota,Avalon,2014,4.2 
Toyota,Avalon,2013,4.3 
Toyota,Avalon,2012,3.9 
Toyota,Avalon Hybrid,2018,4.0 
Toyota,Avalon Hybrid,2017,4.1 
Toyota,Camry,2020,4.6 
Toyota,Camry,2019,4.6 
Toyota,Camry,2018,4.7 
Toyota,Camry,2017,4.5 
Toyota,Camry,2016,4.5 
Toyota,Camry,2015,4.6 
Toyota,Camry,2014,3.7 
Toyota,Camry,2013,3.7 
Toyota,Camry,2012,3.8 
Toyota,Camry,2011,3.5 
Toyota,Camry Hybrid,2019,4.6 
Toyota,Camry Hybrid,2018,4.7 
Toyota,Camry Hybrid,2017,4.5 
Toyota,Corolla,2020,4.6 
Toyota,Corolla,2019,4.6 
Toyota,Corolla,2018,4.2 
Toyota,Corolla,2017,4.2 
Toyota,Corolla,2016,4.3 
Toyota,Corolla,2015,4.3 
Toyota,Corolla,2014,3.8 
Toyota,Corolla,2013,2.8 
Toyota,Corolla,2012,2.9 
Toyota,Corolla,2011,3.0 
Toyota,Mirai,2019,3.6 
Toyota,Mirai,2018,3.6 
Toyota,Mirai,2017,3.7 
Toyota,Mirai,2016,3.7 
Toyota,Prius,2020,4.4 
Toyota,Prius,2019,4.4 
Toyota,Prius,2018,4.4 
Toyota,Prius,2017,4.5 
Toyota,Prius,2016,4.5 
Toyota,Prius,2015,3.9 
Toyota,Prius,2014,3.9 
Toyota,Prius,2013,4.0 
Toyota,Prius,2012,4.0 
Toyota,Prius,2011,3.5 
Toyota,Prius Prime,2020,4.7 
Toyota,Prius Prime,2019,4.7 
Toyota,Prius Prime,2018,4.7 
Toyota,Prius Prime,2017,4.7 
Toyota,Yaris,2019,3.5 
Toyota,Yaris,2018,3.9 
Toyota,Yaris,2017,4.0 
Toyota,Yaris,2016,4.0 
Toyota,Yaris,2015,4.1 
Toyota,Yaris,2014,3.0 
Toyota,Yaris,2013,3.1 
Toyota,Yaris,2012,3.1 
Toyota,Yaris,2011,2.6 
Toyota,Yaris iA,2018,3.4 
Toyota,Yaris iA,2017,3.5 
Toyota,4Runner,2019,3.0 
Toyota,4Runner,2018,3.1 
Toyota,4Runner,2017,3.1 
Toyota,4Runner,2016,3.2 
Toyota,4Runner,2015,3.2 
Toyota,4Runner,2014,3.4 
Toyota,4Runner,2013,3.4 
Toyota,4Runner,2012,3.5 
Toyota,C-HR,2019,4.4 
Toyota,C-HR,2018,4.4 
Toyota,Highlander,2019,4.4 
Toyota,Highlander,2018,4.4 
Toyota,Highlander,2017,4.5 
Toyota,Highlander,2016,4.5 
Toyota,Highlander,2015,4.6 
Toyota,Highlander,2014,4.1 
Toyota,Highlander,2013,3.7 
Toyota,Highlander,2012,3.7 
Toyota,Highlander,2011,3.6 
Toyota,Highlander Hybrid,2019,4.4 
Toyota,Highlander Hybrid,2018,4.4 
Toyota,Highlander Hybrid,2017,4.5 
Toyota,Land Cruiser,2019,3.2 
Toyota,Land Cruiser,2018,3.2 
Toyota,Land Cruiser,2017,3.3 
Toyota,Land Cruiser,2016,3.3 
Toyota,Land Cruiser,2015,3.4 
Toyota,Land Cruiser,2014,3.4 
Toyota,Land Cruiser,2013,3.5 
Toyota,RAV4,2018,4.4 
Toyota,RAV4,2017,4.5 
Toyota,RAV4,2016,4.5 
Toyota,RAV4,2015,4.6 
Toyota,RAV4,2014,3.4 
Toyota,RAV4,2013,3.5 
Toyota,RAV4,2012,3.5 
Toyota,RAV4 Hybrid,2018,4.4 
Toyota,RAV4 Hybrid,2017,4.5 
Toyota,Sequoia,2020,3.8 
Toyota,Sequoia,2019,3.8 
Toyota,Sequoia,2018,3.9 
Toyota,Sequoia,2017,3.9 
Toyota,Sequoia,2016,4.0 
Toyota,Sequoia,2015,4.0 
Toyota,Sequoia,2014,3.5 
Toyota,Sequoia,2013,3.6 
Toyota,Sequoia,2012,3.6 
Toyota,Sequoia,2011,2.9 
Toyota,Tacoma Access Cab,2020,4.3 
Toyota,Tacoma Access Cab,2019,4.3 
Toyota,Tacoma Access Cab,2018,4.4 
Toyota,Tacoma Access Cab,2017,4.4 
Toyota,Tacoma Access Cab,2016,4.5 
Toyota,Tacoma Access Cab,2015,4.5 
Toyota,Tacoma Access Cab,2014,3.7 
Toyota,Tacoma Access Cab,2013,3.8 
Toyota,Tacoma Access Cab,2012,3.8 
Toyota,Tacoma Access Cab,2011,3.2 
Toyota,Tacoma Double Cab,2020,4.3 
Toyota,Tacoma Double Cab,2019,4.3 
Toyota,Tacoma Double Cab,2018,4.4 
Toyota,Tacoma Double Cab,2017,4.4 
Toyota,Tacoma Double Cab,2016,4.5 
Toyota,Tacoma Double Cab,2015,4.5 
Toyota,Tacoma Double Cab,2014,3.7 
Toyota,Tacoma Double Cab,2013,3.8 
Toyota,Tacoma Double Cab,2012,3.8 
Toyota,Tacoma Double Cab,2011,3.2 
Toyota,Tundra CrewMax,2020,3.7 
Toyota,Tundra CrewMax,2019,3.7 
Toyota,Tundra CrewMax,2018,3.7 
Toyota,Tundra CrewMax,2017,3.8 
Toyota,Tundra CrewMax,2016,3.8 
Toyota,Tundra CrewMax,2015,3.9 
Toyota,Tundra CrewMax,2014,3.7 
Toyota,Tundra CrewMax,2013,3.6 
Toyota,Tundra CrewMax,2012,3.7 
Toyota,Tundra CrewMax,2011,3.0 
Toyota,Tundra Double Cab,2020,3.7 
Toyota,Tundra Double Cab,2019,3.7 
Toyota,Tundra Double Cab,2018,3.7 
Toyota,Tundra Double Cab,2017,3.8 
Toyota,Tundra Double Cab,2016,3.8 
Toyota,Tundra Double Cab,2015,3.9 
Toyota,Tundra Double Cab,2014,3.7 
Toyota,Tundra Double Cab,2013,3.6 
Toyota,Tundra Double Cab,2012,3.7 
Toyota,Tundra Double Cab,2011,3.0 
Toyota,Sienna,2020,4.4 
Toyota,Sienna,2019,4.4 
Toyota,Sienna,2018,4.4 
Toyota,Sienna,2017,4.5 
Toyota,Sienna,2016,4.5 
Toyota,Sienna,2015,4.6 
Toyota,Sienna,2014,3.9 
Toyota,Sienna,2013,4.0 
Toyota,Sienna,2012,4.0 
Toyota,Sienna,2011,3.6 
Toyota,Prius c,2019,4.1 
Toyota,Prius c,2018,4.1 
Toyota,Prius c,2017,4.2 
Toyota,Prius c,2016,4.2 
Toyota,Prius c,2015,4.1 
Toyota,Prius c,2014,3.8 
Toyota,Prius c,2013,3.9 
Toyota,Prius c,2012,3.9 
Toyota,86,2019,4.6 
Toyota,86,2018,4.6 
Toyota,86,2017,4.6 
Volkswagen,e-Golf,2019,4.1 
Volkswagen,e-Golf,2018,4.1 
Volkswagen,e-Golf,2017,4.2 
Volkswagen,e-Golf,2016,4.2 
Volkswagen,Golf,2019,4.1 
Volkswagen,Golf,2018,4.1 
Volkswagen,Golf,2017,4.2 
Volkswagen,Golf,2016,4.2 
Volkswagen,Golf,2014,3.7 
Volkswagen,Golf,2013,3.7 
Volkswagen,Golf,2012,3.8 
Volkswagen,Golf GTI,2019,4.1 
Volkswagen,Golf GTI,2018,4.1 
Volkswagen,Golf GTI,2017,4.2 
Volkswagen,Golf GTI,2016,4.2 
Volkswagen,Golf R,2019,4.1 
Volkswagen,Golf R,2018,4.1 
Volkswagen,Golf R,2017,4.2 
Volkswagen,Golf R,2016,4.2 
Volkswagen,Jetta,2019,4.4 
Volkswagen,Jetta,2018,4.1 
Volkswagen,Jetta,2017,4.1 
Volkswagen,Jetta,2016,4.2 
Volkswagen,Jetta,2015,3.7 
Volkswagen,Jetta,2014,3.5 
Volkswagen,Jetta,2013,3.6 
Volkswagen,Jetta,2012,3.7 
Volkswagen,Jetta,2011,3.3 
Volkswagen,Passat,2019,4.1 
Volkswagen,Passat,2018,4.1 
Volkswagen,Passat,2017,4.1 
Volkswagen,Passat,2016,4.2 
Volkswagen,Passat,2015,4.0 
Volkswagen,Passat,2014,4.0 
Volkswagen,Passat,2013,4.0 
Volkswagen,Passat,2012,4.1 
Volkswagen,Atlas,2019,4.4 
Volkswagen,Atlas,2018,4.4 
Volkswagen,Tiguan,2019,4.3 
Volkswagen,Tiguan,2018,4.3 
Volkswagen,Tiguan,2017,3.1 
Volkswagen,Tiguan,2016,3.2 
Volkswagen,Tiguan,2015,3.2 
Volkswagen,Tiguan,2014,3.7 
Volkswagen,Tiguan,2013,3.5 
Volkswagen,Tiguan,2012,3.6 
Volkswagen,Tiguan Limited,2018,3.1 
Volkswagen,Beetle,2019,3.6 
Volkswagen,Beetle,2018,3.6 
Volkswagen,Beetle,2017,3.7 
Volkswagen,Beetle,2016,3.7 
Volkswagen,Beetle,2015,3.3 
Volkswagen,Beetle,2014,3.6 
Volkswagen,Beetle,2013,3.6 
Volkswagen,Beetle,2012,3.7 
Volkswagen,Golf Alltrack,2019,4.2 
Volkswagen,Golf Alltrack,2018,4.2 
Volkswagen,Golf Alltrack,2017,4.3 
Volkswagen,Golf SportWagen,2019,4.1 
Volkswagen,Golf SportWagen,2018,4.1 
Volvo,S60,2018,4.2 
Volvo,S60,2017,4.3 
Volvo,S60,2016,4.3 
Volvo,S60,2015,3.8 
Volvo,S60,2014,3.9 
Volvo,S60,2013,3.9 
Volvo,S60,2012,3.8 
Volvo,S60,2011,3.6 
Volvo,S90,2019,4.1 
Volvo,S90,2018,4.1 
Volvo,S90,2017,4.1 
Volvo,XC40,2020,4.7 
Volvo,XC40,2019,4.7 
Volvo,XC60,2019,4.3 
Volvo,XC60,2018,4.4 
Volvo,XC60,2017,4.2 
Volvo,XC60,2016,4.2 
Volvo,XC60,2015,3.4 
Volvo,XC60,2014,3.5 
Volvo,XC60,2013,3.5 
Volvo,XC60,2012,3.6 
Volvo,XC90,2020,4.6 
Volvo,XC90,2019,4.5 
Volvo,XC90,2018,4.6 
Volvo,XC90,2017,4.6 
Volvo,XC90,2016,4.7 
Volvo,XC90,2012,3.6 
Volvo,V60,2018,4.0 
Volvo,V60,2017,4.1 
Volvo,V60,2016,4.1 
Volvo,V90,2019,4.3 
Volvo,V90,2018,4.3 
Volvo,V90,2017,4.4 
